iter	Logloss
0	0.5005684012
1	0.3671287848
2	0.2781757678
3	0.2163987449
4	0.1729586525
5	0.1436545632
6	0.122604695277	0.107372373688	0.09606926706
9	0.0884324210	010	0.080878811	0.11	0.07526612	0.1368505577
13	0.1316280016
14	0.1273860965
15	0.1228324103
16	0.1206601609
17	0.1182313586
18	0.1161721413
19	0.1153317769
20	0.1139845231
21	0.1129164998
22	0.1111380063
23	0.1104621695
24	0.1089906162
25	0.1083347868
26	0.1065217921
27	0.1052744411
28	0.1050643212
29	0.1046012947
30	0.1038400652
31	0.1036703305
32	0.1034501496
33	0.1029901421
34	0.1027950784
35	0.1026222601
36	0.1014654927
37	0.1009404166
38	0.1005513371
39	0.1004588658
40	0.1003205069
41	0.100030917
42	0.09920194482
43	0.0990646095
44	0.09877411235
45	0.09851905383
46	0.09835665205
47	0.09809154558
48	0.09790794385
49	0.09768122588
50	0.09764111704
51	0.09740241116
52	0.0972426897
53	0.09635048954
54	0.09576652698
55	0.09555757954
56	0.09550118422
57	0.09498473791
58	0.09466931213
59	0.09450181476
60	0.09445087331
61	0.09338916633
62	0.09332310144
63	0.09330401537
64	0.09315921267
65	0.09293211651
66	0.09050336232
67	0.09044843636
68	0.08947789193
69	0.08943101762
70	0.08932847967
71	0.08915293501
72	0.08753747973
73	0.08745639702
74	0.08736842532
75	0.08689527165
76	0.08668685092
77	0.08662447028
78	0.08645542722
79	0.08459193218
80	0.08448863498
81	0.08434660435
82	0.08400233897
83	0.08385760559
84	0.08368671623
85	0.08333498339
86	0.08305351267
87	0.08245565751
88	0.08227875136
89	0.08211928119
90	0.08057506238
91	0.0804740293
92	0.08037324349
93	0.08029603189
94	0.08020032829
95	0.08010261212
96	0.07997000062
97	0.07973910317
98	0.07939669396
99	0.07927066084
100	0.07915815448
101	0.07907930629
102	0.07891172776
103	0.07881148963
104	0.07835583071
105	0.07812045274
106	0.07715458514
107	0.07705046908
108	0.07696990903
109	0.07686962786
110	0.07653714298
111	0.07642511009
112	0.07556020176
113	0.0752513813
114	0.07456845628
115	0.07451651019
116	0.07445094596
117	0.07420191784
118	0.07379601103
119	0.07359290613
120	0.07347917046
121	0.07308877804
122	0.07302791365
123	0.07268846162
124	0.07260339383
125	0.07235818709
126	0.07215962878
127	0.07190965303
128	0.07177677395
129	0.0713956073
130	0.07004001609
131	0.06999326566
132	0.06985137128
133	0.0697336624
134	0.0696132254
135	0.06885900023
136	0.06877994649
137	0.06867679549
138	0.06838097543
139	0.06828221064
140	0.06790124252
141	0.067719426
142	0.06759412919
143	0.067481037
144	0.06733464067
145	0.0670482709
146	0.06696893834
147	0.06687925376
148	0.06665533746
149	0.06650429029
150	0.06644683156
151	0.06518805229
152	0.06515238322
153	0.06481010337
154	0.06453281987
155	0.06421273541
156	0.06408771652
157	0.06395989006
158	0.06372663634
159	0.06359300337
160	0.06320942881
161	0.06285305952
162	0.06270383681
163	0.062071751
164	0.06202624114
165	0.06127233045
166	0.06112332376
167	0.06088471062
168	0.06083148053
169	0.06049172452
170	0.06041531899
171	0.0603289006
172	0.06005533941
173	0.06001675092
174	0.05976834252
175	0.05972212859
176	0.05951525685
177	0.05927792672
178	0.05921996101
179	0.05909200509
180	0.05896071068
181	0.05874448041
182	0.05835686885
183	0.05819449275
184	0.05816695119
185	0.05783000267
186	0.05762764707
187	0.05759798348
188	0.05754271842
189	0.05682207938
190	0.05661232933
191	0.05610651594
192	0.05607081221
193	0.05604621886
194	0.05581065004
195	0.05578346395
196	0.05546089902
197	0.05542301758
198	0.05539679649
199	0.05537120768
200	0.05513627308
201	0.05482605336
202	0.05480346792
203	0.05463910308
204	0.05454351671
205	0.05434680307
206	0.05430914257
207	0.05429291847
208	0.0542177213
209	0.05404166068
210	0.05396790768
211	0.05384297754
212	0.05329639905
213	0.05293587678
214	0.05279550701
215	0.05251722171
216	0.05238764509
217	0.05221513095
218	0.05217442463
219	0.05215845768
220	0.05197883048
221	0.05185953743
222	0.05163819517
223	0.05153209381
224	0.05146681227
225	0.05144245017
226	0.0512690293
227	0.05040329725
228	0.05019818185
229	0.04997291403
230	0.04980421706
231	0.04976871673
232	0.04962937672
233	0.04954874096
234	0.0495176059
235	0.04950123475
236	0.04913982993
237	0.04911667526
238	0.04905905124
239	0.04894594487
240	0.04872525203
241	0.0487036621
242	0.04869026779
243	0.04866285108
244	0.04863375249
245	0.04858133467
246	0.04818870701
247	0.04805842007
248	0.04789201024
249	0.04761632686
250	0.04730838969
251	0.04728627292
252	0.04690077412
253	0.04684704719
254	0.04655007875
255	0.04630148341
256	0.04612603453
257	0.04582451553
258	0.04565433216
259	0.04563490849
260	0.04554732828
261	0.04547664641
262	0.04541907829
263	0.04521020642
264	0.04515222604
265	0.04459234321
266	0.04441825437
267	0.0440507349
268	0.04404010154
269	0.04398921097
270	0.04389904833
271	0.04374112071
272	0.04365550013
273	0.04361029038
274	0.04271737843
275	0.0426856904
276	0.04260019627
277	0.04232793339
278	0.0420261567
279	0.04189461428
280	0.04188156078
281	0.04181822843
282	0.04152407812
283	0.04151115502
284	0.04146146703
285	0.04131378988
286	0.04130470711
287	0.04126049685
288	0.04098454747
289	0.04075512719
290	0.04068282905
291	0.04064679234
292	0.03978913569
293	0.03973830107
294	0.03969795055
295	0.03955058903
296	0.03946338434
297	0.03925858765
298	0.0391384573
299	0.03897245254
300	0.03893883463
301	0.03858776824
302	0.03857568496
303	0.03856487728
304	0.03851003168
305	0.03847402434
306	0.03827139768
307	0.03749840299
308	0.0372338674
309	0.03715167821
310	0.03706690775
311	0.03698971927
312	0.03688675209
313	0.03672378119
314	0.03670718492
315	0.03667095391
316	0.03662207573
317	0.03646965342
318	0.03623032819
319	0.0362184235
320	0.036023021
321	0.03599315043
322	0.03597653181
323	0.03595837575
324	0.03585421726
325	0.03582144361
326	0.03572902289
327	0.03572151174
328	0.03569999555
329	0.03567451807
330	0.03551162454
331	0.03536900046
332	0.03533954235
333	0.03521653984
334	0.03485850546
335	0.03474013798
336	0.03470421768
337	0.03418200569
338	0.03414973321
339	0.03409473417
340	0.0340767258
341	0.0339964206
342	0.03385942659
343	0.03384746264
344	0.03377143607
345	0.03366485127
346	0.0336480019
347	0.03358921982
348	0.03332914358
349	0.03309925961
350	0.03305281366
351	0.03295911261
352	0.03293262946
353	0.0328075744
354	0.03248950842
355	0.03248152099
356	0.03246686177
357	0.03238831179
358	0.03227376665
359	0.03220479233
360	0.03211319442
361	0.0320553883
362	0.03187816975
363	0.03186961579
364	0.03178665327
365	0.03177583348
366	0.03173488289
367	0.03170561473
368	0.03169758683
369	0.03145469713
370	0.03137489736
371	0.03135480614
372	0.03133017916
373	0.03117675933
374	0.03111261257
375	0.03110764798
376	0.03108381284
377	0.03097627386
378	0.0309103954
379	0.03084125316
380	0.03082546004
381	0.03056819731
382	0.03052703576
383	0.03009224674
384	0.03007760686
385	0.02995841442
386	0.0299532444
387	0.02964455481
388	0.02952443238
389	0.02945230036
390	0.02943010197
391	0.02941021271
392	0.0293632883
393	0.0293312758
394	0.02931395872
395	0.02930946891
396	0.02921470967
397	0.02914288634
398	0.02900330918
399	0.02899779151
400	0.02898582167
401	0.02896737141
402	0.02886854235
403	0.02886398172
404	0.02879839157
405	0.02871970897
406	0.0287140054
407	0.02867099803
408	0.02853031255
409	0.02849098531
410	0.02836954328
411	0.02817984586
412	0.02817338906
413	0.02814505502
414	0.02813939684
415	0.02792589753
416	0.02790660666
417	0.02789266271
418	0.02777268692
419	0.02774218252
420	0.02771374203
421	0.02771040706
422	0.02761980325
423	0.02759710199
424	0.02739704283
425	0.02736215829
426	0.0271986859
427	0.02703105773
428	0.02696046328
429	0.02686642477
430	0.02686139132
431	0.02674873831
432	0.02672807003
433	0.02651083647
434	0.02646613132
435	0.02633558287
436	0.02632405759
437	0.02615142189
438	0.02604331982
439	0.02603892743
440	0.02571918136
441	0.0256141218
442	0.02560569913
443	0.02541516401
444	0.02540642932
445	0.02539399391
446	0.02538883551
447	0.02531312552
448	0.02526195989
449	0.02523522772
450	0.02520116898
451	0.02484875625
452	0.02482170886
453	0.02470626311
454	0.02470145525
455	0.02469834777
456	0.02462454162
457	0.02461770818
458	0.02458707646
459	0.02456226166
460	0.02455854645
461	0.02451953524
462	0.02435620101
463	0.02434616262
464	0.02430955653
465	0.02418061749
466	0.02417169311
467	0.02412851409
468	0.02395996827
469	0.02394805435
470	0.02393515227
471	0.02384177164
472	0.02379859662
473	0.02378898362
474	0.02377529159
475	0.02375438784
476	0.02373924462
477	0.02371709254
478	0.02365463285
479	0.02364459122
480	0.02362368649
481	0.0235514899
482	0.02349778385
483	0.02331307559
484	0.02305998974
485	0.02301090254
486	0.02299146109
487	0.02295529223
488	0.02282818927
489	0.02282482872
490	0.02276780627
491	0.0227532962
492	0.02274001075
493	0.02251672613
494	0.02250115192
495	0.02249420015
496	0.02246720281
497	0.0224630884
498	0.02242135997
499	0.02236270672
500	0.02235610269
501	0.02218260191
502	0.02217152071
503	0.02216320263
504	0.02215221629
505	0.02214877453
506	0.02205040631
507	0.02195022843
508	0.02186366048
509	0.02179748228
510	0.02169183589
511	0.02161643418
512	0.02161095668
513	0.02153957684
514	0.02152965387
515	0.02150892637
516	0.02148260534
517	0.02143601373
518	0.02133994694
519	0.02133742982
520	0.02133409053
521	0.02131963799
522	0.02128049796
523	0.0210193476
524	0.02099893731
525	0.02098968077
526	0.02098220383
527	0.02097464605
528	0.02091210092
529	0.02089067784
530	0.02088764543
531	0.02071385946
532	0.02071097146
533	0.02068292447
534	0.02067346932
535	0.02067127424
536	0.02045358495
537	0.02044869461
538	0.02039777416
539	0.02030207252
540	0.02028256866
541	0.02028006964
542	0.02027803497
543	0.020268054
544	0.02026574245
545	0.02025410324
546	0.02025039262
547	0.02018727745
548	0.02017812065
549	0.02008266916
550	0.02004322188
551	0.02003450839
552	0.01998363792
553	0.01995333171
554	0.01994424361
555	0.01992035098
556	0.01977994521
557	0.01976729684
558	0.01975644801
559	0.01974896476
560	0.01970657031
561	0.01956713559
562	0.01948199507
563	0.01946779432
564	0.01924125114
565	0.01923819418
566	0.01917335774
567	0.01911719446
568	0.01906300743
569	0.01893010576
570	0.01888963071
571	0.01887457308
572	0.01886886638
573	0.01881791694
574	0.01874134117
575	0.01872888748
576	0.0186123183
577	0.01860878071
578	0.01859786158
579	0.01854956782
580	0.01843467609
581	0.0183854708
582	0.01833766132
583	0.01832951944
584	0.01825881
585	0.01824906538
586	0.01818743414
587	0.01817830657
588	0.01814707643
589	0.01813703897
590	0.01801052935
591	0.01798871626
592	0.01797481365
593	0.01797249733
594	0.01797008113
595	0.01796088071
596	0.01783018535
597	0.01767749598
598	0.01765681397
599	0.01755557095
600	0.01755316786
601	0.01753679977
602	0.0174848846
603	0.01747139052
604	0.01746191497
605	0.01740060235
606	0.01739512659
607	0.0173837145
608	0.0173774734
609	0.01733817033
610	0.01733360948
611	0.0173276027
612	0.01732034243
613	0.01731304869
614	0.01730949732
615	0.0171478113
616	0.01711880405
617	0.01711172786
618	0.01710836111
619	0.01701461104
620	0.01700489686
621	0.01699799751
622	0.01692062245
623	0.01691872491
624	0.01691573167
625	0.01690654659
626	0.01690460668
627	0.01682746949
628	0.01681459765
629	0.016812793
630	0.0168049989
631	0.01680052764
632	0.01679613377
633	0.01678911635
634	0.01670467823
635	0.01666435832
636	0.01661555197
637	0.01656782487
638	0.01656050906
639	0.01639641758
640	0.01636642066
641	0.01628283673
642	0.01628053613
643	0.01627358615
644	0.01619750271
645	0.01615091201
646	0.01614824786
647	0.01614185458
648	0.01612828639
649	0.01612587153
650	0.01609064901
651	0.01608722649
652	0.01588257698
653	0.01580013421
654	0.0157979258
655	0.01574510393
656	0.01573306925
657	0.0157316716
658	0.01568592033
659	0.01562587823
660	0.0156214028
661	0.01554691805
662	0.01554358826
663	0.01553876288
664	0.01528736096
665	0.01521921111
666	0.01518518075
667	0.01518011278
668	0.01516938131
669	0.01516695804
670	0.01514959796
671	0.01506490588
672	0.01505806014
673	0.01505613884
674	0.01499338901
675	0.01487501797
676	0.01485491555
677	0.01483760947
678	0.01470518925
679	0.01466974923
680	0.01465186352
681	0.01464935152
682	0.01462296837
683	0.0146212206
684	0.01459391469
685	0.01458832445
686	0.0145501154
687	0.0145363121
688	0.01453377894
689	0.0143755035
690	0.0143483031
691	0.01428442935
692	0.01426354939
693	0.01420258617
694	0.01419911869
695	0.0141265657
696	0.0141070052
697	0.01409654623
698	0.01405497149
699	0.01402022771
700	0.01401158026
701	0.01400271891
702	0.01400099675
703	0.01394795917
704	0.01394149166
705	0.01393605937
706	0.01387020969
707	0.01382273423
708	0.01381704601
709	0.01381459271
710	0.01378879597
711	0.01377822018
712	0.013744435
713	0.01372238518
714	0.01372070102
715	0.01371734106
716	0.01362373867
717	0.01361368684
718	0.01358829629
719	0.01357537009
720	0.01356925766
721	0.01351972692
722	0.01351782862
723	0.01348991476
724	0.01348702776
725	0.01346564125
726	0.01336375085
727	0.01335850299
728	0.01335462802
729	0.01335080833
730	0.01326262718
731	0.01325172344
732	0.0131458705
733	0.01312059988
734	0.01301386186
735	0.01296309917
736	0.01296111603
737	0.01294724586
738	0.01294150717
739	0.01286323757
740	0.01284426681
741	0.01279912856
742	0.01278052185
743	0.01274866828
744	0.01273493301
745	0.01265995555
746	0.01262392565
747	0.01261142977
748	0.01260861986
749	0.01260610443
750	0.01259489003
751	0.01259227013
752	0.01256774052
753	0.01256197424
754	0.01252258047
755	0.01250669207
756	0.01250053528
757	0.01246598698
758	0.0124514714
759	0.01244945183
760	0.01228182519
761	0.01228011681
762	0.01226189429
763	0.01225880026
764	0.01225402386
765	0.01223287845
766	0.01223167435
767	0.01220416693
768	0.0119772571
769	0.0119740357
770	0.01196543948
771	0.01194918323
772	0.01194444223
773	0.01189585843
774	0.01188992932
775	0.01186496952
776	0.01186404875
777	0.01183018891
778	0.01182838971
779	0.01181825035
780	0.01181719118
781	0.01181592033
782	0.01179076387
783	0.01178536021
784	0.01174217641
785	0.01171975277
786	0.01171042283
787	0.01161212285
788	0.01158018254
789	0.01155612429
790	0.01154517871
791	0.0115359728
792	0.01153465328
793	0.01150662338
794	0.01149318065
795	0.01149230122
796	0.01148843778
797	0.01144955208
798	0.0114372675
799	0.01142893181
800	0.01142463569
801	0.01142320554
802	0.01140365013
803	0.01138635665
804	0.01138217531
805	0.0113732641
806	0.01127369376
807	0.0112665758
808	0.01122302876
809	0.01122181288
810	0.01121668304
811	0.01118723435
812	0.01118654771
813	0.011170881
814	0.01116859392
815	0.01113895517
816	0.01113346098
817	0.01112971878
818	0.01109924259
819	0.01109463876
820	0.01108961654
821	0.01108571702
822	0.01108273628
823	0.01108166483
824	0.01105347652
825	0.01104537361
826	0.01101770565
827	0.01093900062
828	0.01093636672
829	0.0109273779
830	0.01091114383
831	0.01091012698
832	0.01088960296
833	0.01087232583
834	0.01086297148
835	0.01084696242
836	0.01084122575
837	0.01083681876
838	0.01083172429
839	0.01083070945
840	0.01082893683
841	0.01081165907
842	0.01081095573
843	0.01080254043
844	0.01078288356
845	0.01077968889
846	0.01077774572
847	0.01076681075
848	0.01076566101
849	0.01074415329
850	0.0107423259
851	0.0106827066
852	0.01066247653
853	0.01066147346
854	0.01064525236
855	0.01064419029
856	0.01063755839
857	0.01063592997
858	0.01062718084
859	0.01061994847
860	0.01061870101
861	0.01056979088
862	0.01055122557
863	0.01054591854
864	0.01051427249
865	0.01049462637
866	0.01048911154
867	0.01048664947
868	0.01036101746
869	0.01035984785
870	0.01035163562
871	0.01032871115
872	0.01031046159
873	0.01029237812
874	0.01028459087
875	0.01028324971
876	0.01027967644
877	0.01027609899
878	0.01027482932
879	0.01027090029
880	0.0102674613
881	0.01025752157
882	0.01025364986
883	0.01024997575
884	0.01023588015
885	0.01022195882
886	0.01020792404
887	0.01020696553
888	0.0102040022
889	0.01009486877
890	0.01009355514
891	0.0100734559
892	0.01007020592
893	0.01006661507
894	0.01002376051
895	0.01002295588
896	0.01000346859
897	0.009990073461
898	0.009981329077
899	0.009973725561
900	0.009903333488
901	0.00987984472
902	0.009874134711
903	0.009830431534
904	0.009826788562
905	0.009812185506
906	0.009798947171
907	0.009721592961
908	0.009719091402
909	0.009683763269
910	0.009681829351
911	0.009678694238
912	0.009669930092
913	0.009660389814
914	0.009654370481
915	0.00965339604
916	0.009630471912
917	0.009622845053
918	0.009616055401
919	0.009613694667
920	0.00961122134
921	0.009608940983
922	0.009607997259
923	0.009604847181
924	0.009549861906
925	0.009542088613
926	0.00952975422
927	0.009525157393
928	0.009422728499
929	0.00942176918
930	0.009418840007
931	0.009416701311
932	0.009404458586
933	0.009403081644
934	0.009390804633
935	0.009293915258
936	0.009254752159
937	0.009239386302
938	0.009236023279
939	0.009206490344
940	0.009196826989
941	0.009182913777
942	0.009163633004
943	0.009162502884
944	0.009157515909
945	0.009154067776
946	0.009064281439
947	0.0090591309
948	0.009005793008
949	0.009004212307
950	0.008993359983
951	0.008954906775
952	0.008941374633
953	0.008938076877
954	0.008936441776
955	0.008909766757
956	0.0088993111
957	0.008893050607
958	0.008884523848
959	0.008883723538
960	0.008879283039
961	0.008839485008
962	0.008834614837
963	0.008809007471
964	0.008769201721
965	0.008768346183
966	0.008767256768
967	0.00874719992
968	0.008746051055
969	0.008740212246
970	0.008715421727
971	0.00871363852
972	0.008708583637
973	0.008707374228
974	0.008671500767
975	0.008668870167
976	0.008657108856
977	0.008638867332
978	0.008633427509
979	0.008610086925
980	0.008605022719
981	0.008604457298
982	0.008546997507
983	0.00854516278
984	0.008538371003
985	0.008532232139
986	0.008531304066
987	0.008521007512
988	0.008515929759
989	0.008511499699
990	0.008496387426
991	0.008495540286
992	0.008480406939
993	0.008472834011
994	0.008470007964
995	0.008404516375
996	0.008402939111
997	0.008398842626
998	0.008385549131
999	0.008384665491
1000	0.008382989391
1001	0.008379420394
1002	0.008375384113
1003	0.008362450435
1004	0.008350724363
1005	0.008347561909
1006	0.008242411222
1007	0.008239909451
1008	0.008237423406
1009	0.008207458505
1010	0.008205635649
1011	0.008202532899
1012	0.008187798591
1013	0.008186699445
1014	0.008179426614
1015	0.008173427139
1016	0.008172286025
1017	0.008164119958
1018	0.008157845818
1019	0.008156403435
1020	0.008144593429
1021	0.008143213074
1022	0.008140629251
1023	0.008130280328
1024	0.008063272701
1025	0.008062132548
1026	0.008056256307
1027	0.008015858976
1028	0.008009469185
1029	0.007973027799
1030	0.007968120102
1031	0.007966814035
1032	0.007961829471
1033	0.007960906456
1034	0.007957849858
1035	0.007955005437
1036	0.007918267515
1037	0.007909056201
1038	0.007907957828
1039	0.007890337234
1040	0.007889706902
1041	0.007872962804
1042	0.007870933777
1043	0.00786015778
1044	0.007840099169
1045	0.007836293525
1046	0.007831981851
1047	0.007694157023
1048	0.007691142855
1049	0.00767093416
1050	0.007667798463
1051	0.007662412075
1052	0.007614252474
1053	0.007613376759
1054	0.007610267063
1055	0.007609687714
1056	0.007598462439
1057	0.007596092206
1058	0.007594487061
1059	0.007581385799
1060	0.00757939973
1061	0.007577216998
1062	0.007571694836
1063	0.007563508142
1064	0.007560424563
1065	0.007559831255
1066	0.00755703557
1067	0.007546253345
1068	0.007540809098
1069	0.007532072177
1070	0.007523334728
1071	0.007520621479
1072	0.00751910839
1073	0.007517107744
1074	0.007512521886
1075	0.007507313609
1076	0.007490490013
1077	0.00748952774
1078	0.007488880831
1079	0.00748780453
1080	0.007486565604
1081	0.007484052609
1082	0.007481940771
1083	0.007481179318
1084	0.00746593322
1085	0.007464961457
1086	0.00744978179
1087	0.007446996224
1088	0.007445500659
1089	0.00744331693
1090	0.00743385036
1091	0.007431521346
1092	0.007424070906
1093	0.007423378251
1094	0.007412588756
1095	0.007411919067
1096	0.00740502078
1097	0.007403614757
1098	0.007400013407
1099	0.007385521299
1100	0.007366460115
1101	0.00735186733
1102	0.007349864817
1103	0.007307321494
1104	0.007299189399
1105	0.007297389541
1106	0.007281364866
1107	0.007280642842
1108	0.00727354087
1109	0.007272633946
1110	0.007253731267
1111	0.007252366875
1112	0.00724675029
1113	0.007187192953
1114	0.007185642674
1115	0.007180919998
1116	0.007180100838
1117	0.007176855516
1118	0.007174271428
1119	0.007128505309
1120	0.007127775956
1121	0.007014549559
1122	0.007000684421
1123	0.006959698036
1124	0.006903604133
1125	0.006901861755
1126	0.006895357795
1127	0.006885972764
1128	0.006884966377
1129	0.00685423152
1130	0.006853343334
1131	0.006832793933
1132	0.006824594729
1133	0.006801368636
1134	0.0067990113
1135	0.00679279255
1136	0.006763112053
1137	0.006759441622
1138	0.006750024163
1139	0.006704628877
1140	0.006702604386
1141	0.006691252714
1142	0.006682584824
1143	0.00668201578
1144	0.006677721557
1145	0.006675002407
1146	0.006671318941
1147	0.006670802779
1148	0.006665891812
1149	0.006656703945
1150	0.00664833768
1151	0.006646233772
1152	0.006645528012
1153	0.006644760021
1154	0.006638736238
1155	0.006623228008
1156	0.006620587797
1157	0.006619017389
1158	0.006604357398
1159	0.00660378342
1160	0.006602283787
1161	0.006564961616
1162	0.006563927769
1163	0.006551066269
1164	0.006550555055
1165	0.006549923671
1166	0.006545408998
1167	0.006544769731
1168	0.006542969467
1169	0.006542218136
1170	0.006541649824
1171	0.006524274311
1172	0.006520156295
1173	0.006518938277
1174	0.006514950087
1175	0.006514170556
1176	0.006504805724
1177	0.00648699279
1178	0.006484485548
1179	0.00648055393
1180	0.006477963153
1181	0.006477255057
1182	0.006463536122
1183	0.00645666851
1184	0.006430486343
1185	0.006428112461
1186	0.006426279579
1187	0.006412093939
1188	0.006407831233
1189	0.00640687631
1190	0.00640197123
1191	0.006400442128
1192	0.006399744246
1193	0.006373245266
1194	0.006362974503
1195	0.006289141146
1196	0.006287682195
1197	0.006275216568
1198	0.006272919975
1199	0.00626154525
1200	0.006258848155
1201	0.006256935514
1202	0.006244099438
1203	0.0062433598
1204	0.006231067469
1205	0.00622782161
1206	0.006227278645
1207	0.006226763244
1208	0.006225056968
1209	0.006222367348
1210	0.006213455831
1211	0.006212504071
1212	0.006211364837
1213	0.006204220727
1214	0.006185072864
1215	0.006183533893
1216	0.00618297856
1217	0.006175872777
1218	0.006174563894
1219	0.006170346521
1220	0.006168639875
1221	0.00616235946
1222	0.006160137436
1223	0.006149694505
1224	0.006148509366
1225	0.006147235222
1226	0.006146001771
1227	0.00614517936
1228	0.006140670443
1229	0.006117421728
1230	0.00611554426
1231	0.006115116039
1232	0.006112676357
1233	0.006102810195
1234	0.006099735889
1235	0.006096996042
1236	0.006095518845
1237	0.006094888088
1238	0.00609136519
1239	0.006090247399
1240	0.006088583467
1241	0.00605754518
1242	0.006057113812
1243	0.006054804059
1244	0.006053156529
1245	0.00604766433
1246	0.006045562032
1247	0.006040517336
1248	0.006039662542
1249	0.006033045866
1250	0.006030076228
1251	0.006021698683
1252	0.006020750762
1253	0.006020353328
1254	0.006018830899
1255	0.006018441087
1256	0.006013395263
1257	0.006013009172
1258	0.006008284178
1259	0.006000359159
1260	0.005971654191
1261	0.005969515055
1262	0.005967974316
1263	0.00594842916
1264	0.005909427784
1265	0.005908069942
1266	0.005902168007
1267	0.005901803244
1268	0.005899223003
1269	0.005898844291
1270	0.005893626432
1271	0.005892954195
1272	0.005884300375
1273	0.005882432568
1274	0.005869087069
1275	0.005868348192
1276	0.005866141352
1277	0.005865670351
1278	0.005861626228
1279	0.005861230395
1280	0.005860274387
1281	0.005859288042
1282	0.005852846726
1283	0.005852384808
1284	0.005850862856
1285	0.005849106692
1286	0.005845228997
1287	0.00584392454
1288	0.005772505627
1289	0.005771103781
1290	0.005769843195
1291	0.00576894155
1292	0.005768105529
1293	0.00576730573
1294	0.005756373153
1295	0.005755925437
1296	0.005754782151
1297	0.005752214733
1298	0.005751663974
1299	0.005750389054
1300	0.005748942688
1301	0.005747437139
1302	0.005745370588
1303	0.005728796282
1304	0.005700919393
1305	0.005700266093
1306	0.00569877451
1307	0.005683604053
1308	0.005680495428
1309	0.005665987129
1310	0.005664096793
1311	0.005662530677
1312	0.005660885362
1313	0.005653588834
1314	0.005648474436
1315	0.005646387209
1316	0.005645990819
1317	0.005645072819
1318	0.005642535144
1319	0.005639904313
1320	0.005634988169
1321	0.005634687484
1322	0.005631367598
1323	0.005631044906
1324	0.005629542873
1325	0.005607349947
1326	0.005602059361
1327	0.005600420985
1328	0.005599234947
1329	0.005597740578
1330	0.005593121186
1331	0.005592578962
1332	0.005590055413
1333	0.0055881262
1334	0.005552518983
1335	0.005550937874
1336	0.005544569022
1337	0.005535059301
1338	0.005521296658
1339	0.005519237266
1340	0.005517312718
1341	0.00551470414
1342	0.00549072682
1343	0.005476737159
1344	0.005476351391
1345	0.005458039259
1346	0.005455475263
1347	0.005455052647
1348	0.005453947785
1349	0.005452808439
1350	0.005452144543
1351	0.005447590916
1352	0.005446664373
1353	0.005446217145
1354	0.005445340333
1355	0.005445034345
1356	0.005443468441
1357	0.005442919589
1358	0.005441750561
1359	0.005440921237
1360	0.005438585048
1361	0.005438047152
1362	0.005437755884
1363	0.005398556281
1364	0.005387722119
1365	0.005383985317
1366	0.005373375193
1367	0.005368385293
1368	0.005366238555
1369	0.005362769511
1370	0.005360886519
1371	0.005360575986
1372	0.005357402239
1373	0.005349303847
1374	0.00534849235
1375	0.005346997967
1376	0.005329039815
1377	0.005328652604
1378	0.005300104646
1379	0.005299610081
1380	0.005297659702
1381	0.005297177855
1382	0.005286834602
1383	0.005286455441
1384	0.005280214099
1385	0.005279920686
1386	0.005279485227
1387	0.00525605034
1388	0.005240176321
1389	0.005233118991
1390	0.005232004902
1391	0.005231169932
1392	0.005226742719
1393	0.005225677179
1394	0.00522436257
1395	0.005223214494
1396	0.00521382319
1397	0.005213267431
1398	0.005212875782
1399	0.00521144772
1400	0.005210820804
1401	0.005208722513
1402	0.005204635125
1403	0.005204229639
1404	0.005203877725
1405	0.005202690122
1406	0.005201499916
1407	0.00520031748
1408	0.005199962004
1409	0.005197724344
1410	0.0051973279
1411	0.005197011453
1412	0.005195868212
1413	0.005194941229
1414	0.005193097053
1415	0.005170260459
1416	0.005169863742
1417	0.005168981109
1418	0.005153333063
1419	0.005127001049
1420	0.005125293035
1421	0.005125010915
1422	0.005123037112
1423	0.005115918684
1424	0.005115434375
1425	0.005113758257
1426	0.005113362785
1427	0.00511300289
1428	0.005112001033
1429	0.005105689486
1430	0.005104187262
1431	0.005103852134
1432	0.005102143088
1433	0.005101689347
1434	0.005100251381
1435	0.005096019075
1436	0.005091669197
1437	0.005091132291
1438	0.00508943381
1439	0.005086216706
1440	0.005085927529
1441	0.005083555917
1442	0.005082990319
1443	0.005080154946
1444	0.005079641418
1445	0.00507331682
1446	0.005058840262
1447	0.005058261339
1448	0.005048915479
1449	0.005048058438
1450	0.005047731785
1451	0.005029420543
1452	0.005026238213
1453	0.005016383109
1454	0.005009743134
1455	0.0050076639
1456	0.005007221226
1457	0.004988906501
1458	0.004985772666
1459	0.004979933203
1460	0.004979293691
1461	0.004971387377
1462	0.004971044718
1463	0.00496929567
1464	0.004944915132
1465	0.004944386481
1466	0.00494407201
1467	0.004943261749
1468	0.004941404962
1469	0.004941096543
1470	0.004938857476
1471	0.004936764948
1472	0.004931532291
1473	0.00493104606
1474	0.004922668933
1475	0.004919223472
1476	0.004918784064
1477	0.0049175321
1478	0.004915789133
1479	0.004908176583
1480	0.004905688993
1481	0.004903028784
1482	0.00488715974
1483	0.004871061931
1484	0.004867684219
1485	0.004866546888
1486	0.004866095731
1487	0.004856860375
1488	0.004856424202
1489	0.004845170058
1490	0.004844600323
1491	0.004832037168
1492	0.00483166793
1493	0.00483045082
1494	0.004822906915
1495	0.004807899503
1496	0.004807627603
1497	0.004805834017
1498	0.004804907389
1499	0.004796914364
1500	0.004796004858
1501	0.004794993407
1502	0.004792931218
1503	0.004792245456
1504	0.004790466783
1505	0.004790234488
1506	0.004788622549
1507	0.004787836033
1508	0.004786737282
1509	0.004786459958
1510	0.004782963938
1511	0.004777878297
1512	0.004777135286
1513	0.00477144373
1514	0.00477113682
1515	0.004769602215
1516	0.004767415657
1517	0.004767122731
1518	0.004764604289
1519	0.004738314903
1520	0.004723794758
1521	0.004722830549
1522	0.004720875049
1523	0.004705877896
1524	0.004705551902
1525	0.004694471341
1526	0.004693342537
1527	0.004687733296
1528	0.004687101133
1529	0.00468569907
1530	0.00468395848
1531	0.004683654858
1532	0.004681985477
1533	0.004677201687
1534	0.004675273577
1535	0.00467481804
1536	0.004673811456
1537	0.004672341645
1538	0.00466802875
1539	0.004667718413
1540	0.004666529753
1541	0.004665782821
1542	0.004664894828
1543	0.004660307204
1544	0.004659241329
1545	0.004658104746
1546	0.004656698996
1547	0.00465570387
1548	0.004643022148
1549	0.004635969842
1550	0.00463429177
1551	0.00463343808
1552	0.004632774165
1553	0.004632097383
1554	0.004606554059
1555	0.004599015297
1556	0.004598745421
1557	0.004598412388
1558	0.004597575277
1559	0.004584131009
1560	0.004583623827
1561	0.004582549672
1562	0.004577486689
1563	0.004576292413
1564	0.004575984773
1565	0.004575579823
1566	0.004569512114
1567	0.004567774613
1568	0.00456543533
1569	0.004565169882
1570	0.004561650909
1571	0.004560174502
1572	0.004558452811
1573	0.004558188003
1574	0.004555309034
1575	0.004551742589
1576	0.004541920211
1577	0.004541424033
1578	0.004539814483
1579	0.004538565598
1580	0.00453834939
1581	0.004526793094
1582	0.004524469036
1583	0.004518127272
1584	0.004515140314
1585	0.004514911873
1586	0.00451464015
1587	0.004509782793
1588	0.004509498272
1589	0.004502784108
1590	0.004499991504
1591	0.004486520671
1592	0.004485745547
1593	0.004478856132
1594	0.004478080178
1595	0.004474865851
1596	0.004472371827
1597	0.004471221868
1598	0.004469335106
1599	0.004468742431
1600	0.004464088331
1601	0.00445980162
1602	0.004454130107
1603	0.00445368727
1604	0.004431316604
1605	0.004430996463
1606	0.004427503561
1607	0.004427153845
1608	0.004419188628
1609	0.004418878572
1610	0.004396877006
1611	0.004396617983
1612	0.004394639062
1613	0.004392818433
1614	0.004392506102
1615	0.004379028752
1616	0.004377823949
1617	0.004377524041
1618	0.004371100268
1619	0.004367469853
1620	0.004366671687
1621	0.004365831284
1622	0.004363815408
1623	0.004363524559
1624	0.004352818955
1625	0.004351676157
1626	0.0043496696
1627	0.004349396274
1628	0.004348001827
1629	0.004347649194
1630	0.004347286323
1631	0.004346524838
1632	0.004345579555
1633	0.004340489778
1634	0.004328385754
1635	0.004327584987
1636	0.004325076876
1637	0.004324660729
1638	0.004312058641
1639	0.00431155462
1640	0.004310736754
1641	0.004310125722
1642	0.004309690309
1643	0.004301120472
1644	0.00430086971
1645	0.004293044261
1646	0.00429228174
1647	0.004292077388
1648	0.004291420065
1649	0.004290469439
1650	0.004290347059
1651	0.004288272524
1652	0.004287427368
1653	0.004285475405
1654	0.004284730802
1655	0.004283984803
1656	0.004283224448
1657	0.004275751282
1658	0.004262360115
1659	0.004261626769
1660	0.004257429897
1661	0.004257020903
1662	0.004250330384
1663	0.004248833352
1664	0.004242664587
1665	0.004216178294
1666	0.00421364254
1667	0.004206739104
1668	0.004203968538
1669	0.004201621877
1670	0.00419639429
1671	0.004190144668
1672	0.004185919604
1673	0.004185237811
1674	0.004184949403
1675	0.004181536528
1676	0.004181309046
1677	0.004179579337
1678	0.004177417879
1679	0.004177186412
1680	0.004176465666
1681	0.004176245903
1682	0.004169131463
1683	0.004168760556
1684	0.004168513685
1685	0.004162521452
1686	0.004159127871
1687	0.004158924434
1688	0.00415778826
1689	0.004156111979
1690	0.004154404426
1691	0.004154237529
1692	0.004153939077
1693	0.004150492585
1694	0.004149805794
1695	0.004148591906
1696	0.004147519866
1697	0.004146726318
1698	0.004141158952
1699	0.004124194985
1700	0.004123918625
1701	0.004123679017
1702	0.004121581389
1703	0.004104825578
1704	0.004103769237
1705	0.004100518971
1706	0.004097039402
1707	0.004096409901
1708	0.004094646602
1709	0.004091680624
1710	0.004091020442
1711	0.004071737791
1712	0.004071493621
1713	0.004071033437
1714	0.004070236284
1715	0.004069457322
1716	0.004066523834
1717	0.004066311723
1718	0.004066146428
1719	0.004060402436
1720	0.004044739517
1721	0.004044438205
1722	0.004042767478
1723	0.004042491299
1724	0.004040768977
1725	0.004035240409
1726	0.004034862224
1727	0.004024718476
1728	0.00402355289
1729	0.004022895993
1730	0.004022670948
1731	0.004017904502
1732	0.004017576215
1733	0.004012084168
1734	0.004010196562
1735	0.004006397205
1736	0.004005816372
1737	0.004001554827
1738	0.004001381304
1739	0.003999783867
1740	0.00399790555
1741	0.003997262029
1742	0.003995096297
1743	0.003995027576
1744	0.003993236464
1745	0.003990629409
1746	0.003990418154
1747	0.003985289424
1748	0.003985076576
1749	0.003981074492
1750	0.00397972833
1751	0.003975764601
1752	0.003973155785
1753	0.0039716346
1754	0.003968171165
1755	0.003967897731
1756	0.003964783495
1757	0.003964452151
1758	0.00396397791
1759	0.00396377211
1760	0.003960486775
1761	0.003958564051
1762	0.003958284088
1763	0.003957720646
1764	0.003956093974
1765	0.003955628338
1766	0.003954864084
1767	0.003953801639
1768	0.003952676528
1769	0.003950606157
1770	0.003940963397
1771	0.00394036986
1772	0.003939809984
1773	0.003918211853
1774	0.003917992042
1775	0.003916388143
1776	0.003916180806
1777	0.003915124842
1778	0.003912080631
1779	0.003894439572
1780	0.003891292997
1781	0.003870409582
1782	0.003870163952
1783	0.003869992683
1784	0.003863736407
1785	0.0038623205
1786	0.003859315475
1787	0.003855274857
1788	0.003854623805
1789	0.003854099742
1790	0.00385366147
1791	0.003839828828
1792	0.003839636012
1793	0.003838149334
1794	0.00383739647
1795	0.003812055519
1796	0.003811843884
1797	0.003811640121
1798	0.003785531302
1799	0.003784622135
1800	0.003778820746
1801	0.003777596915
1802	0.003777436547
1803	0.003777243212
1804	0.003776962834
1805	0.003773812628
1806	0.003773167656
1807	0.003771000943
1808	0.003770387473
1809	0.003769470505
1810	0.003766263136
1811	0.003760669143
1812	0.003750260068
1813	0.003744784455
1814	0.003744419689
1815	0.003744058496
1816	0.003741514256
1817	0.00374017222
1818	0.003738172681
1819	0.003733860518
1820	0.003733656371
1821	0.003730236526
1822	0.003723093781
1823	0.003719635566
1824	0.00371904251
1825	0.00370999959
1826	0.003709019973
1827	0.003707819179
1828	0.003702318033
1829	0.003701953958
1830	0.003700318516
1831	0.003697114077
1832	0.003693761988
1833	0.003693323804
1834	0.003691800004
1835	0.003691390248
1836	0.003690817241
1837	0.003689658649
1838	0.003689319453
1839	0.003682737295
1840	0.003682112814
1841	0.003676070318
1842	0.003665968621
1843	0.003665263203
1844	0.003661931564
1845	0.003661730394
1846	0.003657483494
1847	0.003657141419
1848	0.003647529676
1849	0.003645535874
1850	0.003642623934
1851	0.003642409723
1852	0.003642171857
1853	0.003640752266
1854	0.003635581339
1855	0.00363537645
1856	0.003635261643
1857	0.00363458995
1858	0.003633907418
1859	0.003633632742
1860	0.003633066096
1861	0.00363117727
1862	0.003618256494
1863	0.003617989562
1864	0.003616393227
1865	0.003615421552
1866	0.003606373736
1867	0.003605712275
1868	0.003601579268
1869	0.003599949977
1870	0.003596135328
1871	0.003595865121
1872	0.003595799976
1873	0.003595605211
1874	0.003594328061
1875	0.003594103361
1876	0.003593913024
1877	0.003591433906
1878	0.00359123331
1879	0.003570131236
1880	0.003569820494
1881	0.003569580209
1882	0.003552487866
1883	0.003551608884
1884	0.003550488595
1885	0.003549696665
1886	0.003548765889
1887	0.003548579985
1888	0.003547443006
1889	0.003545356625
1890	0.003545171193
1891	0.00354399324
1892	0.003543796622
1893	0.003541010745
1894	0.003539733186
1895	0.003522711263
1896	0.00352254804
1897	0.003505788626
1898	0.003505437414
1899	0.003503816872
1900	0.003503546699
1901	0.003503397843
1902	0.003498952583
1903	0.003498083685
1904	0.003497560877
1905	0.003491700752
1906	0.003491569882
1907	0.003491323304
1908	0.003490916716
1909	0.003490047285
1910	0.003489360148
1911	0.003488717465
1912	0.003488596497
1913	0.003488114788
1914	0.003487346509
1915	0.003484479679
1916	0.003474859334
1917	0.003470154752
1918	0.003468815556
1919	0.003467982099
1920	0.003467804321
1921	0.003458381998
1922	0.003457896706
1923	0.003457152377
1924	0.003431165992
1925	0.003431066151
1926	0.003428160146
1927	0.003427481894
1928	0.003426958815
1929	0.003426477719
1930	0.003421635994
1931	0.003421436874
1932	0.003420832202
1933	0.003419069538
1934	0.003412602368
1935	0.003412446996
1936	0.003412117862
1937	0.003411934044
1938	0.003410837497
1939	0.003406842469
1940	0.003402791741
1941	0.003393946802
1942	0.003393741881
1943	0.003393549322
1944	0.003392835788
1945	0.003392656547
1946	0.003392464825
1947	0.003392023889
1948	0.003390551167
1949	0.003389329169
1950	0.003387185058
1951	0.003381498411
1952	0.003379257883
1953	0.003379010527
1954	0.00337834357
1955	0.003377975389
1956	0.003375810961
1957	0.003372063793
1958	0.003371473501
1959	0.003371156933
1960	0.003370478851
1961	0.003370317764
1962	0.003368025788
1963	0.003367558675
1964	0.003364422151
1965	0.0033614304
1966	0.003361233852
1967	0.003360278317
1968	0.003359949731
1969	0.003359503991
1970	0.003359135188
1971	0.003353278555
1972	0.003352924164
1973	0.003352785959
1974	0.003352649952
1975	0.003352041316
1976	0.003349412212
1977	0.003349249171
1978	0.003337131012
1979	0.003335875363
1980	0.003335666879
1981	0.003334954633
1982	0.003330737656
1983	0.003329730199
1984	0.003329617473
1985	0.003327781605
1986	0.003327420729
1987	0.003324504599
1988	0.003322902676
1989	0.003322418713
1990	0.003321563023
1991	0.003320912477
1992	0.003318673332
1993	0.003318176477
1994	0.003316496972
1995	0.003315243764
1996	0.003314603478
1997	0.00331335437
1998	0.003313130112
1999	0.003312604607
2000	0.003309895544
2001	0.00330960729
2002	0.00330924695
2003	0.003308738544
2004	0.00330861009
2005	0.003308405787
2006	0.003303787448
2007	0.003302660744
2008	0.003302246864
2009	0.003298825475
2010	0.00329837502
2011	0.003294319245
2012	0.003292751226
2013	0.003292568243
2014	0.003292157718
2015	0.003291491131
2016	0.003283131586
2017	0.003282412774
2018	0.003281987959
2019	0.003281767881
2020	0.003280237879
2021	0.003277879131
2022	0.003277750523
2023	0.003257658492
2024	0.003257304576
2025	0.003256942117
2026	0.003256713785
2027	0.003256006885
2028	0.003255896132
2029	0.003253372974
2030	0.003250501365
2031	0.003250389259
2032	0.003249326067
2033	0.003247800097
2034	0.003245498972
2035	0.003245237615
2036	0.003244967919
2037	0.003238024331
2038	0.00323738129
2039	0.00323682609
2040	0.003235972388
2041	0.003235154992
2042	0.00323476014
2043	0.003232802551
2044	0.003231259155
2045	0.00321278763
2046	0.003212630645
2047	0.003210567879
2048	0.003210059434
2049	0.003209906046
2050	0.003209775437
2051	0.003209620081
2052	0.003209486622
2053	0.003202585857
2054	0.003202460678
2055	0.003201296917
2056	0.003201088952
2057	0.003200798903
2058	0.003200695022
2059	0.003199033129
2060	0.003198903921
2061	0.003198777962
2062	0.003198640842
2063	0.003198386137
2064	0.003197797741
2065	0.003197217698
2066	0.003197025835
2067	0.003196881728
2068	0.003196729765
2069	0.003190343467
2070	0.003190217015
2071	0.003187532793
2072	0.003187371453
2073	0.003186521074
2074	0.003181654721
2075	0.003181498055
2076	0.003171766619
2077	0.003167784628
2078	0.003167596766
2079	0.003165236524
2080	0.003164510141
2081	0.003164145002
2082	0.003164071881
2083	0.003163390723
2084	0.003163195451
2085	0.003162125048
2086	0.003162027724
2087	0.003160820975
2088	0.003160710971
2089	0.003158395765
2090	0.003158253706
2091	0.003156193234
2092	0.003155829815
2093	0.003155083606
2094	0.003154926737
2095	0.003154818352
2096	0.003152379684
2097	0.003152245885
2098	0.003151334398
2099	0.003151164279
2100	0.003146843789
2101	0.003145939181
2102	0.003143432448
2103	0.003140079482
2104	0.003140076275
2105	0.003138366227
2106	0.003138206718
2107	0.003138065807
2108	0.00313732617
2109	0.003136715279
2110	0.003134640919
2111	0.003127145672
2112	0.003126711453
2113	0.003126382716
2114	0.003113899241
2115	0.003113596372
2116	0.003112858347
2117	0.003103187572
2118	0.003103064573
2119	0.003102929167
2120	0.00310290538
2121	0.003102543556
2122	0.003099759216
2123	0.003099219997
2124	0.003099125138
2125	0.003098775021
2126	0.00309620408
2127	0.003093447354
2128	0.00308974655
2129	0.003089620913
2130	0.003089145297
2131	0.003088399579
2132	0.003088272967
2133	0.00308802038
2134	0.003085394383
2135	0.003085282128
2136	0.003084357672
2137	0.003084262203
2138	0.003083623684
2139	0.003083493809
2140	0.00308258597
2141	0.003082413517
2142	0.003069570546
2143	0.003069361711
2144	0.003068098009
2145	0.003067325866
2146	0.003066826235
2147	0.003063550074
2148	0.003062164317
2149	0.003061982384
2150	0.003061141571
2151	0.003061014078
2152	0.003060276884
2153	0.003060154658
2154	0.003058292526
2155	0.003058182109
2156	0.003055401331
2157	0.003055255125
2158	0.003052929339
2159	0.003052589328
2160	0.003052011097
2161	0.003051909278
2162	0.003051690995
2163	0.003051548152
2164	0.003050833848
2165	0.003049579203
2166	0.003049143702
2167	0.003048412062
2168	0.00304776509
2169	0.003046327766
2170	0.003045487563
2171	0.00304530754
2172	0.003045153219
2173	0.003044501045
2174	0.003043829976
2175	0.003043790671
2176	0.003041189113
2177	0.003038145354
2178	0.003036384481
2179	0.003030188499
2180	0.003029960325
2181	0.003027018905
2182	0.003026847032
2183	0.00302126464
2184	0.003021134135
2185	0.003020766682
2186	0.003020333728
2187	0.003018589204
2188	0.003017895429
2189	0.003014153348
2190	0.003014016309
2191	0.003011872413
2192	0.003011518878
2193	0.003011158001
2194	0.003011111725
2195	0.003011111315
2196	0.003011048686
2197	0.003010501316
2198	0.003010315127
2199	0.003009719259
2200	0.003009604595
2201	0.003008746361
2202	0.003008353672
2203	0.003008203011
2204	0.003006300621
2205	0.003006204878
2206	0.003006197042
2207	0.003001598431
2208	0.002996653741
2209	0.002996385425
2210	0.002995077406
2211	0.002994755226
2212	0.00299441553
2213	0.002992894402
2214	0.002989878672
2215	0.002986491472
2216	0.002985631312
2217	0.002984621119
2218	0.00297917534
2219	0.002979002307
2220	0.002978586523
2221	0.002977404835
2222	0.002976712898
2223	0.002976522205
2224	0.002974839131
2225	0.002974662069
2226	0.002972303336
2227	0.00297207523
2228	0.002971776544
2229	0.002965383405
2230	0.002962371836
2231	0.002962042437
2232	0.002961991965
2233	0.002961651539
2234	0.002961570689
2235	0.002951730029
2236	0.002948415197
2237	0.002947377376
2238	0.002947280181
2239	0.002943893032
2240	0.002943877083
2241	0.002939999786
2242	0.002936859678
2243	0.002936820359
2244	0.002936784367
2245	0.002936673395
2246	0.002936541108
2247	0.002935671368
2248	0.002935544492
2249	0.0029280905
2250	0.002927614913
2251	0.002927500508
2252	0.002917811864
2253	0.002916785195
2254	0.002916277809
2255	0.002914865465
2256	0.002914723702
2257	0.002907808026
2258	0.002907805491
2259	0.002907723405
2260	0.002907171676
2261	0.002905837981
2262	0.002904751506
2263	0.00290408092
2264	0.002904080497
2265	0.002902698792
2266	0.002897083064
2267	0.002884671447
2268	0.002884435557
2269	0.002883734219
2270	0.002880418178
2271	0.002880326086
2272	0.002880240393
2273	0.002879159761
2274	0.002879010561
2275	0.002878738104
2276	0.002876863703
2277	0.002876239665
2278	0.002868979297
2279	0.002863241805
2280	0.00286312912
2281	0.002861358644
2282	0.00286113692
2283	0.002860527241
2284	0.002859920597
2285	0.002859319101
2286	0.002856582535
2287	0.002854568948
2288	0.002854466335
2289	0.002854109353
2290	0.002854010074
2291	0.002853907016
2292	0.002852109445
2293	0.002851999236
2294	0.002851294956
2295	0.002850412698
2296	0.002850247908
2297	0.002846496522
2298	0.002845668455
2299	0.002840584846
2300	0.002840541436
2301	0.002838437613
2302	0.002838273732
2303	0.002837993466
2304	0.0028378642
2305	0.002835959248
2306	0.002834761147
2307	0.002834557495
2308	0.002834499333
2309	0.002831926925
2310	0.002831651176
2311	0.002830923037
2312	0.00283047098
2313	0.002829630885
2314	0.002829535964
2315	0.00282295605
2316	0.002822836741
2317	0.002821696645
2318	0.002821593723
2319	0.002820849468
2320	0.002820114221
2321	0.002818817447
2322	0.002818717838
2323	0.002815348365
2324	0.002808494877
2325	0.002808179585
2326	0.002800067061
2327	0.00279993941
2328	0.002799455992
2329	0.00279918034
2330	0.002796898931
2331	0.002796897921
2332	0.002796016981
2333	0.002788875532
2334	0.002780383087
2335	0.002780155943
2336	0.0027783457
2337	0.002776282497
2338	0.002776178782
2339	0.002775260668
2340	0.002773845674
2341	0.002773687283
2342	0.002772023642
2343	0.002770573472
2344	0.002770453956
2345	0.002767514308
2346	0.002767508289
2347	0.002765865577
2348	0.002765605675
2349	0.002764969901
2350	0.002764849049
2351	0.002763287871
2352	0.002763173887
2353	0.002763026403
2354	0.002762752418
2355	0.002760971225
2356	0.002760589875
2357	0.0027604414
2358	0.00275927741
2359	0.00275049601
2360	0.002749662845
2361	0.002742166643
2362	0.002742134879
2363	0.002741742281
2364	0.00274066661
2365	0.002740547264
2366	0.002737311022
2367	0.002737212458
2368	0.002732946063
2369	0.002732888521
2370	0.002727008529
2371	0.002726820655
2372	0.002726146461
2373	0.00272605191
2374	0.002712776956
2375	0.002712557962
2376	0.002712551735
2377	0.002711431554
2378	0.002711325705
2379	0.002711114946
2380	0.002707627106
2381	0.002705776382
2382	0.002705712049
2383	0.002704717375
2384	0.002702963267
2385	0.002702961226
2386	0.002701941377
2387	0.002701113705
2388	0.002699521688
2389	0.002699479793
2390	0.00269801063
2391	0.002696816847
2392	0.002696089657
2393	0.002696047538
2394	0.002695426272
2395	0.002694554556
2396	0.002694417297
2397	0.002690412208
2398	0.002690313864
2399	0.002690056184
2400	0.002687581123
2401	0.002687539128
2402	0.002687429194
2403	0.002687428847
2404	0.002687152001
2405	0.002680833951
2406	0.0026698265
2407	0.002669746057
2408	0.002667948122
2409	0.002667477139
2410	0.002667100385
2411	0.002667059921
2412	0.002666607096
2413	0.002666531589
2414	0.002653983082
2415	0.002653710121
2416	0.00264680664
2417	0.002646668819
2418	0.002646407686
2419	0.002645994239
2420	0.002642901461
2421	0.002642776943
2422	0.002640833132
2423	0.002640799265
2424	0.002639819514
2425	0.002638051169
2426	0.00263804205
2427	0.002636654463
2428	0.002636355349
2429	0.002633006794
2430	0.002633003422
2431	0.002633000088
2432	0.002632470116
2433	0.002632430624
2434	0.002631919662
2435	0.00263177822
2436	0.002630801174
2437	0.002630603774
2438	0.002625666667
2439	0.002625122693
2440	0.002625117034
2441	0.002624519897
2442	0.002624177102
2443	0.002623828122
2444	0.002620759843
2445	0.002620754046
2446	0.002619262262
2447	0.002619262213
2448	0.002618572115
2449	0.002618054677
2450	0.002616965509
2451	0.002615389296
2452	0.002615032749
2453	0.002614261807
2454	0.002602561395
2455	0.002601968521
2456	0.002601967308
2457	0.002599040626
2458	0.002598719776
2459	0.002597956542
2460	0.002597794263
2461	0.002597758737
2462	0.002596288421
2463	0.002596219918
2464	0.002596107206
2465	0.002595955572
2466	0.002595886168
2467	0.002595885474
2468	0.002595783455
2469	0.002594624753
2470	0.002593631251
2471	0.002593556842
2472	0.002593280969
2473	0.00259032139
2474	0.002589834744
2475	0.002589327207
2476	0.002587502277
2477	0.002587099476
2478	0.002587048307
2479	0.002582569529
2480	0.002572018836
2481	0.0025710481
2482	0.002570934251
2483	0.002570372536
2484	0.002570329305
2485	0.00257024704
2486	0.002569875578
2487	0.002569785871
2488	0.002568660586
2489	0.002567784541
2490	0.002566547606
2491	0.00256610379
2492	0.00256606487
2493	0.002562210214
2494	0.002562117214
2495	0.002561699456
2496	0.002561588253
2497	0.002561302367
2498	0.002560953848
2499	0.002560915231
2500	0.00255056312
2501	0.002550465451
2502	0.002548952931
2503	0.00254829659
2504	0.002547785924
2505	0.002545788159
2506	0.002545749411
2507	0.002545445705
2508	0.002543989851
2509	0.002541593857
2510	0.002541591191
2511	0.002537328776
2512	0.002529093028
2513	0.002526779706
2514	0.002523644704
2515	0.002523044511
2516	0.002522782034
2517	0.002522350016
2518	0.0025223324
2519	0.002520849415
2520	0.00251858559
2521	0.002516821269
2522	0.00251091203
2523	0.002502135513
2524	0.002499500578
2525	0.00249950021
2526	0.002498809852
2527	0.002498756211
2528	0.002498303107
2529	0.002497447722
2530	0.002496714927
2531	0.002494627786
2532	0.00249186869
2533	0.002490914008
2534	0.002485167856
2535	0.002481633851
2536	0.002481628186
2537	0.002481406094
2538	0.002481306613
2539	0.002481179218
2540	0.002480709932
2541	0.002480691945
2542	0.002480684476
2543	0.002478103488
2544	0.002478070446
2545	0.002477613494
2546	0.002477544651
2547	0.002477024456
2548	0.002476987624
2549	0.002471578591
2550	0.002471467735
2551	0.002470189766
2552	0.002469264855
2553	0.00246915914
2554	0.002468700272
2555	0.002468662177
2556	0.002468565703
2557	0.002468473132
2558	0.002467913743
2559	0.002467487876
2560	0.002466379051
2561	0.002466156288
2562	0.002464733203
2563	0.002464697753
2564	0.002464442524
2565	0.002463951932
2566	0.002463625097
2567	0.002462310127
2568	0.002462173733
2569	0.002462056169
2570	0.002461879687
2571	0.002460489838
2572	0.002460489143
2573	0.002459276821
2574	0.002459106357
2575	0.002459102506
2576	0.002458845343
2577	0.002458457345
2578	0.00245837041
2579	0.0024558364
2580	0.00245228458
2581	0.002452284179
2582	0.002451026933
2583	0.002450617947
2584	0.002448826841
2585	0.002448815431
2586	0.002448049319
2587	0.002440966959
2588	0.002439371238
2589	0.002439285805
2590	0.002437311662
2591	0.002436855186
2592	0.002436670107
2593	0.00243648138
2594	0.002435150009
2595	0.002432083395
2596	0.002431630775
2597	0.002428872439
2598	0.002428535158
2599	0.002428529108
2600	0.002428345313
2601	0.002428066777
2602	0.002427737213
2603	0.002426187811
2604	0.002426185135
2605	0.002424548056
2606	0.002424275755
2607	0.002422576855
2608	0.002421412423
2609	0.002421142095
2610	0.002420851118
2611	0.002420645243
2612	0.002420533922
2613	0.002420438379
2614	0.00241982305
2615	0.002419051329
2616	0.00241902371
2617	0.002417391683
2618	0.002417390455
2619	0.002416160916
2620	0.002416154353
2621	0.00241475834
2622	0.002414526692
2623	0.00241304479
2624	0.002412503218
2625	0.00241250317
2626	0.002412258627
2627	0.002411593166
2628	0.002411110506
2629	0.002409681504
2630	0.002409537959
2631	0.002409312335
2632	0.002408160462
2633	0.002408138569
2634	0.002407912582
2635	0.002407880007
2636	0.002407356228
2637	0.002407136789
2638	0.002405373045
2639	0.002405337011
2640	0.00240527599
2641	0.002405050822
2642	0.002403848075
2643	0.002403514312
2644	0.002403440787
2645	0.002403313207
2646	0.002402899506
2647	0.00240287642
2648	0.002401362009
2649	0.002401359374
2650	0.002399191775
2651	0.002398670153
2652	0.002398590074
2653	0.002397081005
2654	0.002396953122
2655	0.002394259176
2656	0.002390330853
2657	0.002389705373
2658	0.00238948801
2659	0.00238917257
2660	0.002388545208
2661	0.002388437552
2662	0.002388245068
2663	0.002388012934
2664	0.002388011371
2665	0.002386932904
2666	0.002386209323
2667	0.002385851769
2668	0.002383898832
2669	0.002383895431
2670	0.002382587552
2671	0.002382352659
2672	0.002382352071
2673	0.002381910859
2674	0.002379099861
2675	0.00237909554
2676	0.002378428072
2677	0.002377267791
2678	0.00237726745
2679	0.002377266454
2680	0.002377035664
2681	0.002376505247
2682	0.002373824569
2683	0.002371005041
2684	0.002370209207
2685	0.002369985268
2686	0.002369837654
2687	0.002367939339
2688	0.002367880675
2689	0.002366364546
2690	0.002366354148
2691	0.002366117007
2692	0.002364139846
2693	0.002364079201
2694	0.002363720824
2695	0.002362170218
2696	0.002348840475
2697	0.002345926916
2698	0.002345925415
2699	0.002345425533
2700	0.002344919523
2701	0.002344843911
2702	0.002338441168
2703	0.002338429808
2704	0.002337683497
2705	0.002336527665
2706	0.002336087306
2707	0.002333710204
2708	0.002333709088
2709	0.00233314447
2710	0.002333144057
2711	0.002330740813
2712	0.002329346869
2713	0.002329095003
2714	0.002329094322
2715	0.002328624539
2716	0.002328133514
2717	0.002328013338
2718	0.002327051117
2719	0.002321305731
2720	0.00232129939
2721	0.002321085901
2722	0.002319923608
2723	0.002319782211
2724	0.002319779952
2725	0.00231955084
2726	0.002319245273
2727	0.002319182932
2728	0.002314887117
2729	0.002314205763
2730	0.002310174638
2731	0.002310071039
2732	0.00230641829
2733	0.002306328163
2734	0.002305843855
2735	0.002304314467
2736	0.00230419459
2737	0.002303666019
2738	0.002303635958
2739	0.002303280539
2740	0.00230325172
2741	0.002302851994
2742	0.002302764148
2743	0.002300502401
2744	0.002300252487
2745	0.002300181346
2746	0.00229758311
2747	0.002297509958
2748	0.002295066781
2749	0.002294065032
2750	0.002290998783
2751	0.002290399001
2752	0.002288254589
2753	0.002288028662
2754	0.002288025945
2755	0.002285908566
2756	0.002284857918
2757	0.002284135999
2758	0.002283976792
2759	0.00228369583
2760	0.002283603848
2761	0.002282943413
2762	0.00228257726
2763	0.002281952276
2764	0.002281573188
2765	0.00228115221
2766	0.002276702375
2767	0.002272938755
2768	0.00227266575
2769	0.002272588004
2770	0.002271110693
2771	0.002271107558
2772	0.002270896973
2773	0.002270895583
2774	0.00227086055
2775	0.002260979261
2776	0.002260849099
2777	0.002260214315
2778	0.002260210493
2779	0.002259817423
2780	0.002259709652
2781	0.002255568567
2782	0.002255476111
2783	0.002255456971
2784	0.002255450264
2785	0.002254168512
2786	0.002253239044
2787	0.002253182967
2788	0.002253163138
2789	0.002253148214
2790	0.002252922505
2791	0.002252683703
2792	0.002252664267
2793	0.002252628212
2794	0.002252589545
2795	0.002252463803
2796	0.002252425358
2797	0.002252410367
2798	0.00225204895
2799	0.002250005698
2800	0.002248537151
2801	0.002247211943
2802	0.002246858701
2803	0.002246793545
2804	0.002243491999
2805	0.002243192602
2806	0.002243015357
2807	0.002242854604
2808	0.002242827142
2809	0.00224280035
2810	0.002242424429
2811	0.002242330748
2812	0.002242290823
2813	0.002242228278
2814	0.002242193234
2815	0.002241871203
2816	0.002241864435
2817	0.002240775214
2818	0.002240620398
2819	0.002233002873
2820	0.002232425773
2821	0.002232350108
2822	0.002231254915
2823	0.002231112118
2824	0.002231109806
2825	0.002229972986
2826	0.002222262915
2827	0.002222063112
2828	0.002221962369
2829	0.00222124967
2830	0.002218302397
2831	0.002217983717
2832	0.002217876659
2833	0.002217744061
2834	0.002217607725
2835	0.002217059725
2836	0.002211684621
2837	0.002211676555
2838	0.00220989447
2839	0.002209598986
2840	0.002209476746
2841	0.002209465582
2842	0.002207106371
2843	0.002205124186
2844	0.002205114479
2845	0.002204900584
2846	0.002201689641
2847	0.002201481774
2848	0.002201363667
2849	0.002201363115
2850	0.002201008399
2851	0.002200717825
2852	0.002200396474
2853	0.00220029582
2854	0.002200093175
2855	0.002197969024
2856	0.002197847074
2857	0.002197703736
2858	0.002196125216
2859	0.002196031575
2860	0.0021958373
2861	0.002195836479
2862	0.002194235456
2863	0.002193979654
2864	0.00219259059
2865	0.002192181646
2866	0.002191999942
2867	0.002190206585
2868	0.00219010755
2869	0.002189477492
2870	0.002189413069
2871	0.00218897057
2872	0.002188946459
2873	0.002187843539
2874	0.002187842539
2875	0.002187766859
2876	0.002187737424
2877	0.002186642874
2878	0.002185493985
2879	0.002185493161
2880	0.002184945417
2881	0.002184943629
2882	0.002184600036
2883	0.002184089683
2884	0.002182804933
2885	0.00218280484
2886	0.002181448259
2887	0.002181282956
2888	0.00218116476
2889	0.002181132116
2890	0.00218071855
2891	0.002180596285
2892	0.002180572988
2893	0.002179745582
2894	0.002179036006
2895	0.002178964705
2896	0.002178751325
2897	0.002178686556
2898	0.002178075008
2899	0.002177912541
2900	0.002177902411
2901	0.002177158044
2902	0.002175457529
2903	0.002175302355
2904	0.00217397883
2905	0.002173833914
2906	0.002173115592
2907	0.002173112196
2908	0.002171978677
2909	0.002171801518
2910	0.002171479323
2911	0.002170539999
2912	0.002169853894
2913	0.002169830911
2914	0.002169807941
2915	0.002167840589
2916	0.002166689425
2917	0.002166688315
2918	0.002166483723
2919	0.00216648046
2920	0.002165473428
2921	0.002165087143
2922	0.002165086033
2923	0.002162001644
2924	0.002162001017
2925	0.002162000746
2926	0.002161025659
2927	0.002156789648
2928	0.002156688479
2929	0.002155923801
2930	0.002155921288
2931	0.002155022296
2932	0.002155020396
2933	0.002154826594
2934	0.002154468065
2935	0.002153996237
2936	0.002153715143
2937	0.002153714665
2938	0.002153712056
2939	0.002153439694
2940	0.002153193489
2941	0.002153029375
2942	0.002152622426
2943	0.002152270942
2944	0.00215191389
2945	0.002151722528
2946	0.002151113731
2947	0.002151113659
2948	0.002150976936
2949	0.002150387575
2950	0.002150381485
2951	0.002150210417
2952	0.002149635528
2953	0.002149582042
2954	0.002149576797
2955	0.002148989274
2956	0.002148762231
2957	0.00214874752
2958	0.002146868533
2959	0.002139284425
2960	0.002138806427
2961	0.002132986458
2962	0.002132822203
2963	0.002132821009
2964	0.002131419885
2965	0.002131419456
2966	0.002131136174
2967	0.002130923977
2968	0.002130637644
2969	0.002130461483
2970	0.002130258562
2971	0.002130256272
2972	0.002127132546
2973	0.002126984481
2974	0.002126642672
2975	0.002126433334
2976	0.002126359467
2977	0.002125793886
2978	0.002125793382
2979	0.002125451108
2980	0.002125416749
2981	0.002121949976
2982	0.002121685186
2983	0.002121379924
2984	0.00212027129
2985	0.00212018452
2986	0.002119268587
2987	0.002119000822
2988	0.002118916091
2989	0.002118915613
2990	0.002118747181
2991	0.002118682416
2992	0.002118523555
2993	0.002118523417
2994	0.002118507924
2995	0.002114548074
2996	0.002113542021
2997	0.002113174774
2998	0.00211295771
2999	0.002112404057
3000	0.00211031597
3001	0.002108488547
3002	0.002108022518
3003	0.002108022254
3004	0.002102178194
3005	0.002102137687
3006	0.002101875767
3007	0.00210163947
3008	0.002101359452
3009	0.002101356034
3010	0.002101177966
3011	0.002100389739
3012	0.00210037555
3013	0.002098448161
3014	0.002098447927
3015	0.002096048753
3016	0.002095106017
3017	0.002095098775
3018	0.002094133747
3019	0.002089988888
3020	0.002089981445
3021	0.00208848443
3022	0.00208846065
3023	0.002088433895
3024	0.002088260486
3025	0.002088135518
3026	0.002088134083
3027	0.002085857371
3028	0.002084735815
3029	0.002084543483
3030	0.002082609787
3031	0.002078648238
3032	0.002078648127
3033	0.002077151988
3034	0.002077147228
3035	0.002076229744
3036	0.002076228468
3037	0.002076059217
3038	0.002076047014
3039	0.002075678837
3040	0.002075312754
3041	0.002075242256
3042	0.002075240536
3043	0.002074529679
3044	0.002074352865
3045	0.002074029521
3046	0.002072901978
3047	0.002072899285
3048	0.002072898441
3049	0.002071859771
3050	0.002052808287
3051	0.002052738204
3052	0.002050764816
3053	0.002050725022
3054	0.002050724361
3055	0.002050227247
3056	0.002049867727
3057	0.002048948571
3058	0.002048915307
3059	0.002048072838
3060	0.002047989706
3061	0.002047308219
3062	0.002047276815
3063	0.002047275199
3064	0.002047131366
3065	0.002047080316
3066	0.002045758006
3067	0.002045744408
3068	0.00204572281
3069	0.002045564248
3070	0.002045528442
3071	0.002045527694
3072	0.002040496085
3073	0.002040261051
3074	0.002040186804
3075	0.002040185373
3076	0.002038634504
3077	0.002038595225
3078	0.002037579338
3079	0.002037569904
3080	0.002035687709
3081	0.002035684438
3082	0.002030782584
3083	0.002030782494
3084	0.002030529176
3085	0.002030480875
3086	0.002030388425
3087	0.002028278823
3088	0.002028163977
3089	0.002026761025
3090	0.002024381677
3091	0.002024115682
3092	0.002023708599
3093	0.002023687207
3094	0.002023420213
3095	0.002023417065
3096	0.002020045719
3097	0.002019789795
3098	0.002019789075
3099	0.002019788816
3100	0.002019149903
3101	0.002019103487
3102	0.002017198142
3103	0.002016840871
3104	0.002016840671
3105	0.002016759465
3106	0.00201657105
3107	0.002016479566
3108	0.002015465618
3109	0.002015223945
3110	0.002015217076
3111	0.002007955505
3112	0.002007908572
3113	0.002007904094
3114	0.002007224492
3115	0.002006735851
3116	0.002006735393
3117	0.002006726931
3118	0.002006672317
3119	0.0020065294
3120	0.002006329021
3121	0.002006098324
3122	0.002005857011
3123	0.002005378209
3124	0.002005311146
3125	0.002005268417
3126	0.002005209019
3127	0.002005026625
3128	0.001998538394
3129	0.001998536165
3130	0.001994319842
3131	0.001993881677
3132	0.001989955062
3133	0.001986659405
3134	0.001986143639
3135	0.001986110889
3136	0.00198598872
3137	0.001985954387
3138	0.001985782903
3139	0.001985780807
3140	0.001985745137
3141	0.00198202388
3142	0.001979037199
3143	0.00197865208
3144	0.001978643557
3145	0.001978490517
3146	0.001978327232
3147	0.001978325726
3148	0.001978177026
3149	0.001978172921
3150	0.001978170678
3151	0.001978170553
3152	0.001976836812
3153	0.001976196989
3154	0.001976194859
3155	0.001975564133
3156	0.0019755596
3157	0.001975329108
3158	0.001975244609
3159	0.001974820008
3160	0.001974818977
3161	0.001974559837
3162	0.001974473285
3163	0.001974173525
3164	0.001973793176
3165	0.001973791713
3166	0.001973213559
3167	0.001973210907
3168	0.001972978921
3169	0.001972978492
3170	0.001972831012
3171	0.001971330697
3172	0.001969562961
3173	0.001964721942
3174	0.001963689737
3175	0.001962109192
3176	0.001960504975
3177	0.001960416879
3178	0.001959438017
3179	0.001959435003
3180	0.001958714208
3181	0.00195840415
3182	0.001958402476
3183	0.00195725021
3184	0.00195090417
3185	0.001950320747
3186	0.001949874794
3187	0.001949684365
3188	0.001949557903
3189	0.001947662968
3190	0.001947599566
3191	0.001947549516
3192	0.001947515914
3193	0.001946914145
3194	0.001944285007
3195	0.001944174784
3196	0.001942644602
3197	0.001942642279
3198	0.001940972373
3199	0.00194097137
3200	0.001940165252
3201	0.001940162705
3202	0.001940155418
3203	0.00193957843
3204	0.001939344443
3205	0.001939314488
3206	0.001937701572
3207	0.001937490801
3208	0.001937135757
3209	0.001936692834
3210	0.001936653883
3211	0.00193665236
3212	0.00193649864
3213	0.001936142244
3214	0.00193614119
3215	0.001936136907
3216	0.001936135702
3217	0.001936131714
3218	0.001936130112
3219	0.001936062461
3220	0.001935720245
3221	0.001935719035
3222	0.001935341448
3223	0.001934796976
3224	0.001934796925
3225	0.001934562478
3226	0.001934553172
3227	0.001933853551
3228	0.001933850377
3229	0.00193215108
3230	0.001931560589
3231	0.001931559516
3232	0.001931007741
3233	0.001930978059
3234	0.001930806287
3235	0.001930806187
3236	0.001930462211
3237	0.001930175789
3238	0.001930175647
3239	0.001930174716
3240	0.001930131228
3241	0.001926983484
3242	0.001926981502
3243	0.001926912929
3244	0.001926623818
3245	0.001926619965
3246	0.001922617001
3247	0.001922536368
3248	0.001920427626
3249	0.001920144523
3250	0.001918093078
3251	0.001917494158
3252	0.001915805015
3253	0.001915406815
3254	0.001915271039
3255	0.001915269896
3256	0.001915269088
3257	0.001914685294
3258	0.001913498142
3259	0.001913493085
3260	0.0019134812
3261	0.001913182623
3262	0.00191183159
3263	0.001911284442
3264	0.001909579215
3265	0.001909538492
3266	0.001909528635
3267	0.001905194484
3268	0.001904849475
3269	0.001904703536
3270	0.001904697945
3271	0.001904207247
3272	0.001904206079
3273	0.001902483046
3274	0.001902464395
3275	0.001902369967
3276	0.001902266232
3277	0.001900857171
3278	0.001900851806
3279	0.001900135768
3280	0.001900130087
3281	0.001899957857
3282	0.001899672139
3283	0.001899638084
3284	0.001899449942
3285	0.001899446941
3286	0.001898975345
3287	0.001898952094
3288	0.001898904401
3289	0.001898764797
3290	0.001898743763
3291	0.001898225305
3292	0.001897754165
3293	0.001897742457
3294	0.001897742457
3295	0.001897537953
3296	0.001897336976
3297	0.001897297487
3298	0.001897285752
3299	0.001896726389
3300	0.001896664115
3301	0.001896505483
3302	0.001896463129
3303	0.001894526625
3304	0.001894364562
3305	0.00189432379
3306	0.001893422882
3307	0.001893276238
3308	0.001893275973
3309	0.001891689501
3310	0.001891529663
3311	0.00189115214
3312	0.001890936563
3313	0.001890777165
3314	0.001886947269
3315	0.001886870591
3316	0.001886532893
3317	0.001886532893
3318	0.001886528565
3319	0.001886158094
3320	0.001886156431
3321	0.001884875843
3322	0.001884737908
3323	0.001884620626
3324	0.001884619155
3325	0.001884591603
3326	0.001879679996
3327	0.001879677473
3328	0.001879319604
3329	0.001878880298
3330	0.00187809482
3331	0.001878057361
3332	0.001878049046
3333	0.001878027296
3334	0.001877957974
3335	0.00187795764
3336	0.00187783395
3337	0.001877825185
3338	0.001877632786
3339	0.001877630761
3340	0.001877441472
3341	0.001877074948
3342	0.00187703167
3343	0.00187698965
3344	0.001876783588
3345	0.001876762637
3346	0.001876735367
3347	0.001876549606
3348	0.001876540069
3349	0.001876039713
3350	0.001875923328
3351	0.001874022523
3352	0.001867382032
3353	0.001867370344
3354	0.001867249665
3355	0.001867220312
3356	0.001867170037
3357	0.001866685065
3358	0.001866661619
3359	0.001865454275
3360	0.001865226876
3361	0.001865028241
3362	0.001864562591
3363	0.001864562327
3364	0.001863292691
3365	0.001863292496
3366	0.001863281638
3367	0.001862656758
3368	0.001861602178
3369	0.001861598803
3370	0.001859973731
3371	0.00185970621
3372	0.001859529744
3373	0.001859343397
3374	0.001859169513
3375	0.001859136672
3376	0.001858813937
3377	0.001858245386
3378	0.001858244888
3379	0.001857523093
3380	0.001856671139
3381	0.001856669778
3382	0.00185565829
3383	0.001855551633
3384	0.001855549811
3385	0.00185486989
3386	0.001854614152
3387	0.001854612709
3388	0.001853963401
3389	0.001852226149
3390	0.001852188618
3391	0.001851657283
3392	0.001851475972
3393	0.001849396746
3394	0.001849250205
3395	0.001848771806
3396	0.001847856254
3397	0.001847773927
3398	0.001847773497
3399	0.001846436902
3400	0.001845566332
3401	0.001845300572
3402	0.001839205344
3403	0.001839154035
3404	0.00183443901
3405	0.001834438958
3406	0.001833843284
3407	0.001833442837
3408	0.001833442522
3409	0.001833081748
3410	0.001833068781
3411	0.001833018851
3412	0.001832777637
3413	0.001832714494
3414	0.001832655265
3415	0.001832606431
3416	0.001832586863
3417	0.00183242086
3418	0.001832414455
3419	0.00182891335
3420	0.001828889583
3421	0.00182845413
3422	0.001826862345
3423	0.00182684678
3424	0.001825723803
3425	0.001825641131
3426	0.001824163714
3427	0.001824160584
3428	0.001823835228
3429	0.001823832962
3430	0.001823832377
3431	0.001823704769
3432	0.001823582102
3433	0.001823576763
3434	0.00181961053
3435	0.001819567137
3436	0.001818808741
3437	0.001817636485
3438	0.00181763259
3439	0.001815706633
3440	0.001815683307
3441	0.001815420196
3442	0.00181534667
3443	0.001815068684
3444	0.001815068481
3445	0.001815065872
3446	0.001815063023
3447	0.001815003756
3448	0.001814247094
3449	0.001814078595
3450	0.001814032958
3451	0.001813540434
3452	0.001813507865
3453	0.001813109376
3454	0.001813068067
3455	0.001812682622
3456	0.001812664657
3457	0.0018125634
3458	0.001812563209
3459	0.001812371699
3460	0.001810773169
3461	0.001810161392
3462	0.001810090844
3463	0.001809253928
3464	0.001809253706
3465	0.001808584808
3466	0.001807829936
3467	0.001807801524
3468	0.001804446504
3469	0.001804425016
3470	0.001804423376
3471	0.001804108641
3472	0.001804081871
3473	0.001803961939
3474	0.001803961885
3475	0.00180394202
3476	0.00180294729
3477	0.001802932848
3478	0.001802768869
3479	0.001802581816
3480	0.001802580125
3481	0.001801234455
3482	0.001801040363
3483	0.001801040298
3484	0.001801040082
3485	0.00180035902
3486	0.001800279998
3487	0.001800278238
3488	0.00179985488
3489	0.001798572071
3490	0.001798405137
3491	0.001798404806
3492	0.001798404604
3493	0.001797763738
3494	0.001797760767
3495	0.001794763063
3496	0.001794655734
3497	0.001794652714
3498	0.001794516302
3499	0.001794080627
3500	0.00179383359
3501	0.001793830875
3502	0.001793820133
3503	0.001793687978
3504	0.001793309253
3505	0.001792982869
3506	0.001792818002
3507	0.00179281435
3508	0.00179275591
3509	0.001792665253
3510	0.00179264474
3511	0.001792644659
3512	0.001791691329
3513	0.001791439244
3514	0.001791439159
3515	0.001791136013
3516	0.001790955175
3517	0.00179095437
3518	0.001790814556
3519	0.001790788851
3520	0.001790788698
3521	0.001789954568
3522	0.001787956604
3523	0.001787953868
3524	0.001787949585
3525	0.001787450497
3526	0.001787450368
3527	0.001787419038
3528	0.001786717243
3529	0.001786678296
3530	0.001786497064
3531	0.001786356007
3532	0.001784438861
3533	0.001784290642
3534	0.00178407985
3535	0.00178404922
3536	0.00178316843
3537	0.001783125128
3538	0.00178312422
3539	0.001782722444
3540	0.001782717681
3541	0.001782537308
3542	0.001782536355
3543	0.0017810033
3544	0.001779484134
3545	0.001779469519
3546	0.00177851912
3547	0.001778515344
3548	0.001778132917
3549	0.001778120242
3550	0.001777713926
3551	0.001777527593
3552	0.001777282201
3553	0.00177268156
3554	0.001772566457
3555	0.001771441569
3556	0.001771438251
3557	0.00177143585
3558	0.001771434653
3559	0.001771314436
3560	0.001771312934
3561	0.00177131254
3562	0.001771215016
3563	0.0017712148
3564	0.001770124231
3565	0.001770123501
3566	0.001770123266
3567	0.001770122764
3568	0.001770115334
3569	0.001768293124
3570	0.001765458993
3571	0.001765455738
3572	0.001764576043
3573	0.001764424628
3574	0.001764286555
3575	0.00176414238
3576	0.001764116208
3577	0.001760083244
3578	0.001760081162
3579	0.001759921713
3580	0.001759750424
3581	0.001759636294
3582	0.001759155617
3583	0.001759107884
3584	0.001759107797
3585	0.0017589947
3586	0.001758993492
3587	0.001757521529
3588	0.001757376328
3589	0.001757197142
3590	0.001754251273
3591	0.001752780137
3592	0.001752696179
3593	0.00175269174
3594	0.001752670864
3595	0.001752345372
3596	0.001751390741
3597	0.001751388655
3598	0.001750794675
3599	0.001750793832
3600	0.00175079354
3601	0.001750400213
3602	0.001747749802
3603	0.001747709138
3604	0.001747498287
3605	0.001746997689
3606	0.001746862126
3607	0.001746835852
3608	0.001746703879
3609	0.001746532679
3610	0.001746427734
3611	0.00174057504
3612	0.001740574503
3613	0.001732774915
3614	0.001732725682
3615	0.001732568492
3616	0.001732532228
3617	0.001732431863
3618	0.001732215629
3619	0.001732210493
3620	0.001732198049
3621	0.001732198023
3622	0.00173161994
3623	0.001731606949
3624	0.001731599922
3625	0.001731401473
3626	0.001730981386
3627	0.001730981032
3628	0.001730977782
3629	0.001730484937
3630	0.001730451896
3631	0.001730041924
3632	0.001729856353
3633	0.001729280664
3634	0.001728478162
3635	0.001728478151
3636	0.001728478044
3637	0.001728017331
3638	0.001727677107
3639	0.001727215476
3640	0.001724304711
3641	0.001724285781
3642	0.001724260542
3643	0.00172410716
3644	0.001724053858
3645	0.001723886959
3646	0.001723858509
3647	0.00172361267
3648	0.001722715608
3649	0.001722714118
3650	0.001722392516
3651	0.001722245961
3652	0.001722069773
3653	0.001722048683
3654	0.001722048279
3655	0.001721261589
3656	0.001721261469
3657	0.001720645189
3658	0.001720644833
3659	0.001720629296
3660	0.001720051486
3661	0.001719926398
3662	0.001719871739
3663	0.001719526484
3664	0.001718688583
3665	0.001715464844
3666	0.001714239936
3667	0.001714132316
3668	0.001714121247
3669	0.001713997495
3670	0.001713225574
3671	0.001713219636
3672	0.001713212266
3673	0.001713209398
3674	0.001713205468
3675	0.001713080759
3676	0.001712970856
3677	0.00171295524
3678	0.001711794614
3679	0.001711779927
3680	0.001711693697
3681	0.001711688341
3682	0.001711673799
3683	0.001711668408
3684	0.001711667674
3685	0.001711523577
3686	0.001711514015
3687	0.001707739027
3688	0.001707738558
3689	0.001707717528
3690	0.001707539248
3691	0.001707532392
3692	0.001707515021
3693	0.001707403372
3694	0.001707398463
3695	0.001707386245
3696	0.001707385977
3697	0.0017073841
3698	0.001707381449
3699	0.001707365831
3700	0.001707218979
3701	0.001707214693
3702	0.001707079858
3703	0.001707079614
3704	0.001707078827
3705	0.00170695878
3706	0.001706956529
3707	0.001706952741
3708	0.001706440934
3709	0.001706274344
3710	0.0017062535
3711	0.001706249581
3712	0.001706130841
3713	0.001705110808
3714	0.001705057085
3715	0.001705051826
3716	0.001704214946
3717	0.001704184084
3718	0.001698199448
3719	0.001698187426
3720	0.001698121089
3721	0.001697882735
3722	0.001697821653
3723	0.001697410926
3724	0.001697134316
3725	0.001697133819
3726	0.001697133812
3727	0.001697133428
3728	0.001696795861
3729	0.001696498511
3730	0.001696498299
3731	0.001696498177
3732	0.001696378433
3733	0.001696377358
3734	0.001696376611
3735	0.001696104956
3736	0.001694937944
3737	0.001694919147
3738	0.001694883417
3739	0.00169355924
3740	0.001693233896
3741	0.001693232502
3742	0.001693035585
3743	0.001693034734
3744	0.001692958213
3745	0.001692957894
3746	0.00169212018
3747	0.001691730154
3748	0.001691730046
3749	0.001691668255
3750	0.001691668203
3751	0.001690945732
3752	0.001690939312
3753	0.001689692602
3754	0.001689692269
3755	0.001689685471
3756	0.00168954556
3757	0.001689542023
3758	0.001689540858
3759	0.001687158828
3760	0.001687155882
3761	0.001687155229
3762	0.001687155066
3763	0.001686437778
3764	0.001686437367
3765	0.00168591196
3766	0.001685911614
3767	0.001685792174
3768	0.0016857873
3769	0.001685786393
3770	0.001685780804
3771	0.001685293912
3772	0.001685097829
3773	0.001685093342
3774	0.001685080544
3775	0.001685078745
3776	0.001684382064
3777	0.001683602531
3778	0.001683590667
3779	0.001683468105
3780	0.001683221438
3781	0.001682901418
3782	0.001682219964
3783	0.001682210995
3784	0.001682191925
3785	0.001682179614
3786	0.001682175242
3787	0.001681328681
3788	0.00168132755
3789	0.001681327202
3790	0.001681325896
3791	0.001681287276
3792	0.001681285324
3793	0.001681282811
3794	0.001681278016
3795	0.001681257645
3796	0.001680008322
3797	0.001680007274
3798	0.001680006153
3799	0.001680005235
3800	0.001680002232
3801	0.001680000476
3802	0.001679146362
3803	0.001678910943
3804	0.001678903307
3805	0.001678901568
3806	0.001678758937
3807	0.001678754024
3808	0.001674702188
3809	0.001672645367
3810	0.001672644622
3811	0.001672644605
3812	0.001672502302
3813	0.001672502302
3814	0.001672502238
3815	0.00167250078
3816	0.001672500769
3817	0.001672500758
3818	0.001672427391
3819	0.001672419791
3820	0.001672035296
3821	0.001671947032
3822	0.001671865429
3823	0.001671859597
3824	0.001671859065
3825	0.001671854642
3826	0.001671583228
3827	0.001671582707
3828	0.001671582073
3829	0.001671278908
3830	0.0016712675
3831	0.00166959162
3832	0.001665730533
3833	0.001665727666
3834	0.001665612397
3835	0.001665501159
3836	0.001665500882
3837	0.00166539332
3838	0.00166338149
3839	0.001663375203
3840	0.001663374528
3841	0.001663369425
3842	0.001663368956
3843	0.001663248194
3844	0.001663095844
3845	0.001662710916
3846	0.001662693503
3847	0.001662692198
3848	0.001662691267
3849	0.001662321364
3850	0.001662321231
3851	0.001662276106
3852	0.001662275166
3853	0.001662274892
3854	0.001662112404
3855	0.001662089368
3856	0.00166176809
3857	0.00166176783
3858	0.001661329959
3859	0.001661328561
3860	0.001661309588
3861	0.001661308778
3862	0.001661303155
3863	0.001661298132
3864	0.001661161649
3865	0.001660686549
3866	0.001660137912
3867	0.00166002984
3868	0.001659783724
3869	0.001659415944
3870	0.001659415263
3871	0.001659180767
3872	0.001659180083
3873	0.001659124128
3874	0.00165912399
3875	0.001658888615
3876	0.001658883237
3877	0.001658770356
3878	0.001658769771
3879	0.001658713479
3880	0.001658710738
3881	0.001658698246
3882	0.001658697593
3883	0.001658179112
3884	0.001658172299
3885	0.00165816385
3886	0.001657920643
3887	0.001657918475
3888	0.001657913287
3889	0.00165790386
3890	0.001657861432
3891	0.001657853919
3892	0.00165784433
3893	0.00165763573
3894	0.001657607772
3895	0.001657524948
3896	0.001657479466
3897	0.001657479359
3898	0.001657478789
3899	0.001657464369
3900	0.001657454942
3901	0.001657448761
3902	0.001657419834
3903	0.001657414048
3904	0.001656406738
3905	0.001653558639
3906	0.001653556697
3907	0.00165209598
3908	0.001651695472
3909	0.001651693134
3910	0.001651692776
3911	0.001651438271
3912	0.001651426354
3913	0.001651426192
3914	0.00165119532
3915	0.001651189709
3916	0.001650920143
3917	0.001650777972
3918	0.00165077573
3919	0.001650763522
3920	0.001649383319
3921	0.001649374857
3922	0.001649372721
3923	0.001649121868
3924	0.001646565962
3925	0.001646374238
3926	0.001646045288
3927	0.001645994509
3928	0.001645561282
3929	0.001645539348
3930	0.001644982925
3931	0.001639140021
3932	0.001639136018
3933	0.001638624642
3934	0.001638218394
3935	0.001638215408
3936	0.001636708414
3937	0.001636688255
3938	0.00163659582
3939	0.001636594503
3940	0.00163509487
3941	0.001635094613
3942	0.001635093708
3943	0.001634972082
3944	0.001634970354
3945	0.001634877824
3946	0.001634561158
3947	0.001634164123
3948	0.001634163314
3949	0.001634162155
3950	0.001634048782
3951	0.001634048782
3952	0.001633154538
3953	0.001627819593
3954	0.001627815369
3955	0.001627464712
3956	0.001625646404
3957	0.001625619744
3958	0.001624416789
3959	0.001624028071
3960	0.001623950598
3961	0.001623943791
3962	0.001623940979
3963	0.001623938954
3964	0.001623935743
3965	0.001623744677
3966	0.001623720546
3967	0.001623692731
3968	0.001623568544
3969	0.001623562857
3970	0.001623561785
3971	0.001623350315
3972	0.001623349027
3973	0.001623348014
3974	0.001623208345
3975	0.001622891965
3976	0.001622890792
3977	0.001622606595
3978	0.001622605413
3979	0.001622559037
3980	0.001622558783
3981	0.001622558129
3982	0.001622557698
3983	0.001622425131
3984	0.001622424992
3985	0.001622424535
3986	0.001622243147
3987	0.001619505927
3988	0.001619467702
3989	0.001619466309
3990	0.00161914036
3991	0.00161892802
3992	0.001618923926
3993	0.001618820138
3994	0.001618818994
3995	0.001618680067
3996	0.001618679791
3997	0.001618678914
3998	0.00161867745
3999	0.0016186769
4000	0.001617703724
4001	0.001617599155
4002	0.001617543066
4003	0.001617526868
4004	0.001617526777
4005	0.00161752677
4006	0.001617526497
4007	0.001617505063
4008	0.001617415856
4009	0.001615953375
4010	0.00161577391
4011	0.001615768021
4012	0.001615448479
4013	0.001615436486
4014	0.001614994485
4015	0.001614992787
4016	0.001614992664
4017	0.001614992271
4018	0.001614326505
4019	0.001614314413
4020	0.001614302247
4021	0.001614300153
4022	0.001614130062
4023	0.001612999761
4024	0.00161296856
4025	0.001612967369
4026	0.001612940388
4027	0.001612801217
4028	0.001611644917
4029	0.001611621748
4030	0.001611620872
4031	0.001611378503
4032	0.00161115289
4033	0.001611021839
4034	0.00161053046
4035	0.001610529406
4036	0.001610528948
4037	0.001610335602
4038	0.00161029368
4039	0.001610293258
4040	0.001610290486
4041	0.001610014707
4042	0.001610001466
4043	0.001610000821
4044	0.001609281465
4045	0.001609281375
4046	0.001609279325
4047	0.001609106484
4048	0.00160910635
4049	0.00160909637
4050	0.001609095359
4051	0.001609093096
4052	0.001608893593
4053	0.001608875171
4054	0.001608873177
4055	0.001608872233
4056	0.001608869171
4057	0.001608795244
4058	0.001608795077
4059	0.001608789026
4060	0.001608788589
4061	0.00160878848
4062	0.001608617998
4063	0.001608593032
4064	0.001608475438
4065	0.001608473064
4066	0.001608471496
4067	0.001608307971
4068	0.001608305607
4069	0.001608298937
4070	0.00160813847
4071	0.001608088755
4072	0.001606430601
4073	0.001606425691
4074	0.001606425584
4075	0.001606422662
4076	0.001606422662
4077	0.001605610053
4078	0.001605205308
4079	0.001605205132
4080	0.001605204064
4081	0.001605201881
4082	0.001605101257
4083	0.001604807281
4084	0.001603998794
4085	0.001603839712
4086	0.001603838638
4087	0.001603771304
4088	0.001603770379
4089	0.001603745352
4090	0.001603560522
4091	0.001603111331
4092	0.001603106154
4093	0.001603101004
4094	0.0016030997
4095	0.001602767272
4096	0.00160274531
4097	0.001602742541
4098	0.001602729946
4099	0.001602108521
4100	0.001602102518
4101	0.001601990221
4102	0.001601834784
4103	0.001601823293
4104	0.001601742042
4105	0.001601543947
4106	0.001601543791
4107	0.00160154194
4108	0.001601372503
4109	0.001601351831
4110	0.001601348518
4111	0.001601253765
4112	0.001601248844
4113	0.001601248603
4114	0.001601070163
4115	0.00160106672
4116	0.001600991931
4117	0.00160084788
4118	0.001600625543
4119	0.001600595806
4120	0.001600489174
4121	0.001600484925
4122	0.001600093474
4123	0.001600003698
4124	0.00159971043
4125	0.001599710221
4126	0.001599707822
4127	0.001599696378
4128	0.001599535107
4129	0.001599528729
4130	0.001599525256
4131	0.00159944618
4132	0.001599436009
4133	0.001598869796
4134	0.001598858713
4135	0.00159884912
4136	0.001598849024
4137	0.001598809844
4138	0.001598804774
4139	0.00159879999
4140	0.001598784368
4141	0.001598586608
4142	0.001597998127
4143	0.001597993796
4144	0.001597993109
4145	0.001597947234
4146	0.001597933725
4147	0.001597827398
4148	0.001597706935
4149	0.001597703762
4150	0.001597703297
4151	0.001597509218
4152	0.00159748043
4153	0.001597463835
4154	0.00159746098
4155	0.001597270453
4156	0.001596067035
4157	0.001596059218
4158	0.001595988966
4159	0.001595987498
4160	0.0015959864
4161	0.001595984648
4162	0.001595954205
4163	0.00159595371
4164	0.001595634073
4165	0.001595631994
4166	0.001595616358
4167	0.001595598653
4168	0.001594821139
4169	0.001594817619
4170	0.001594817619
4171	0.001593584476
4172	0.001593584208
4173	0.00159358409
4174	0.001593580798
4175	0.001593501423
4176	0.001593501382
4177	0.001592910299
4178	0.0015926324
4179	0.001592343781
4180	0.001591295363
4181	0.001591282389
4182	0.001591281861
4183	0.001590766337
4184	0.00159075282
4185	0.001590647076
4186	0.001590646205
4187	0.001589476767
4188	0.001586853925
4189	0.001585780486
4190	0.001585777369
4191	0.001584534666
4192	0.001584529477
4193	0.001584266964
4194	0.001584266363
4195	0.00158426577
4196	0.001583076395
4197	0.001582207741
4198	0.001581740267
4199	0.001581740243
4200	0.001580626935
4201	0.001579159706
4202	0.001579159298
4203	0.001578643819
4204	0.001578643594
4205	0.001578250359
4206	0.001577401676
4207	0.00157740084
4208	0.001577296862
4209	0.001577296814
4210	0.001577218497
4211	0.001577215955
4212	0.001577215776
4213	0.001576494964
4214	0.001576406118
4215	0.001576406046
4216	0.001576234408
4217	0.00157623349
4218	0.001576130216
4219	0.001573783526
4220	0.001573549684
4221	0.001572689094
4222	0.001572533763
4223	0.001572533545
4224	0.001572533161
4225	0.001572212877
4226	0.001571816607
4227	0.001571814962
4228	0.001571814058
4229	0.001571620346
4230	0.00157113327
4231	0.001571132056
4232	0.001571131441
4233	0.001570823001
4234	0.001570814025
4235	0.001570812397
4236	0.001570698099
4237	0.001570675632
4238	0.001569854105
4239	0.001569853095
4240	0.00156836232
4241	0.001568362301
4242	0.001568362052
4243	0.001568361363
4244	0.001568361231
4245	0.001568360786
4246	0.001568351059
4247	0.001567907637
4248	0.001567884167
4249	0.001567883676
4250	0.001567878355
4251	0.001567719193
4252	0.001567257997
4253	0.001567251677
4254	0.001567251426
4255	0.001565380985
4256	0.0015653733
4257	0.001565373229
4258	0.001564779421
4259	0.001564481179
4260	0.001564479307
4261	0.001564479276
4262	0.001564477728
4263	0.001564472017
4264	0.001564295545
4265	0.001564295529
4266	0.001564286931
4267	0.001564283531
4268	0.001564276979
4269	0.001563891429
4270	0.00156389058
4271	0.001563890464
4272	0.001563775369
4273	0.001563031983
4274	0.001563023122
4275	0.001563022288
4276	0.001562450517
4277	0.001562389298
4278	0.001562388087
4279	0.00156238731
4280	0.001562385704
4281	0.001562362825
4282	0.001562362717
4283	0.001562053639
4284	0.001562051915
4285	0.001561954604
4286	0.001560331689
4287	0.001560331689
4288	0.001559788356
4289	0.001559784005
4290	0.001559781551
4291	0.001559775952
4292	0.001559775806
4293	0.001559257074
4294	0.001556106066
4295	0.001556104572
4296	0.001555798783
4297	0.001555798278
4298	0.001555796695
4299	0.001555796012
4300	0.001555795673
4301	0.001555795608
4302	0.001555792535
4303	0.001555792277
4304	0.001555791762
4305	0.001555790609
4306	0.001555789464
4307	0.001555713006
4308	0.001555466291
4309	0.00155546606
4310	0.001555353405
4311	0.001555352397
4312	0.001555219598
4313	0.001554720006
4314	0.001554719722
4315	0.001554656293
4316	0.001554476073
4317	0.001554475049
4318	0.001554470415
4319	0.001554470408
4320	0.001554470291
4321	0.001554360634
4322	0.001554359491
4323	0.001554358377
4324	0.001554118041
4325	0.001554117619
4326	0.00155406366
4327	0.001553784925
4328	0.001553716082
4329	0.001553715937
4330	0.001553715057
4331	0.001553713455
4332	0.001552550462
4333	0.00155213799
4334	0.001552135965
4335	0.001552135799
4336	0.001552033019
4337	0.001552032788
4338	0.001551442257
4339	0.001551441958
4340	0.00155144015
4341	0.00155144003
4342	0.00155143894
4343	0.00154982678
4344	0.001549508417
4345	0.001549508368
4346	0.00154908573
4347	0.001549085652
4348	0.001549084515
4349	0.00154908423
4350	0.001549084096
4351	0.001549083717
4352	0.001549080833
4353	0.001549072817
4354	0.001549071406
4355	0.00154907105
4356	0.001549064689
4357	0.001549061433
4358	0.001549059877
4359	0.001549058292
4360	0.001549058034
4361	0.001548768647
4362	0.001547321168
4363	0.001547317071
4364	0.001547315665
4365	0.001547234228
4366	0.001547113362
4367	0.001547112833
4368	0.001547104117
4369	0.001546979132
4370	0.001546392558
4371	0.001540551663
4372	0.001537751796
4373	0.001537514716
4374	0.001537513935
4375	0.001536861746
4376	0.001536773537
4377	0.001536761682
4378	0.001536760492
4379	0.001536726584
4380	0.001536726137
4381	0.001536722351
4382	0.001536720376
4383	0.001536711254
4384	0.001536709173
4385	0.001536705539
4386	0.001536554384
4387	0.001536542897
4388	0.001536092219
4389	0.001536091303
4390	0.001536085447
4391	0.001536084993
4392	0.00153579512
4393	0.001535794482
4394	0.001535793703
4395	0.001535119082
4396	0.001535117968
4397	0.001535105112
4398	0.001534681239
4399	0.00153467813
4400	0.001534565907
4401	0.001534477733
4402	0.001534476577
4403	0.001534369123
4404	0.001534368097
4405	0.001534367676
4406	0.001534365401
4407	0.00153155675
4408	0.001531556435
4409	0.001531453874
4410	0.001531440867
4411	0.001531438443
4412	0.001526483106
4413	0.001526458404
4414	0.001524235362
4415	0.001524219443
4416	0.001524195323
4417	0.001524194302
4418	0.001524190135
4419	0.001524188654
4420	0.001524186621
4421	0.001524087607
4422	0.001524072086
4423	0.001524056031
4424	0.00152404325
4425	0.001524035427
4426	0.001523798861
4427	0.001523796166
4428	0.001523793871
4429	0.001523780429
4430	0.001523776611
4431	0.001523773296
4432	0.001523770216
4433	0.001523655944
4434	0.001523653575
4435	0.00152365299
4436	0.001523620012
4437	0.001523618571
4438	0.001523340826
4439	0.001523189
4440	0.001523140448
4441	0.001523128487
4442	0.001523109331
4443	0.001523050293
4444	0.001523048546
4445	0.001523046246
4446	0.001523046066
4447	0.001523043937
4448	0.001523041794
4449	0.001523033718
4450	0.0015230192
4451	0.001522982856
4452	0.001522876309
4453	0.001522871638
4454	0.001522777791
4455	0.001522775056
4456	0.001522730698
4457	0.001522730698
4458	0.001522273539
4459	0.001522256295
4460	0.001522255062
4461	0.00152223768
4462	0.001521901392
4463	0.001521896678
4464	0.001520803859
4465	0.00152079596
4466	0.001520788771
4467	0.001520781035
4468	0.001520779525
4469	0.001520778654
4470	0.001520627972
4471	0.00152062691
4472	0.001520542012
4473	0.001520541491
4474	0.001520393306
4475	0.001519828155
4476	0.001519825719
4477	0.001519813412
4478	0.001519668483
4479	0.001519667477
4480	0.001519653093
4481	0.001519640946
4482	0.001519476516
4483	0.001519469283
4484	0.001519423616
4485	0.001519186307
4486	0.001519168403
4487	0.001519120365
4488	0.001518882097
4489	0.001518867249
4490	0.001518864569
4491	0.001518863557
4492	0.001518860048
4493	0.001518848397
4494	0.001518845528
4495	0.001518408362
4496	0.001517417227
4497	0.001517408627
4498	0.00151738347
4499	0.001517378266
4500	0.001517367525
4501	0.001517367092
4502	0.001513684079
4503	0.001513312005
4504	0.00151329189
4505	0.001513289539
4506	0.001513287223
4507	0.001513080036
4508	0.001513074164
4509	0.001513072426
4510	0.001512650739
4511	0.001512642994
4512	0.001512593923
4513	0.001512588885
4514	0.001512587834
4515	0.001512506898
4516	0.001511698305
4517	0.001511462492
4518	0.001511446166
4519	0.001511442589
4520	0.001511437427
4521	0.001511436317
4522	0.001511434122
4523	0.001511283037
4524	0.00151128276
4525	0.00151125572
4526	0.001511079669
4527	0.001511075857
4528	0.001511071068
4529	0.001511070662
4530	0.001511068114
4531	0.001510980667
4532	0.0015109773
4533	0.001510966465
4534	0.001510965787
4535	0.001510799415
4536	0.001510694165
4537	0.001510691944
4538	0.001510688573
4539	0.001510680818
4540	0.001510668837
4541	0.001510667025
4542	0.00151066536
4543	0.001510661368
4544	0.001510656473
4545	0.001510650464
4546	0.001510590492
4547	0.001510221504
4548	0.001510218536
4549	0.001510214414
4550	0.001510209352
4551	0.001510204656
4552	0.001510204544
4553	0.001508713716
4554	0.001508546339
4555	0.001508422476
4556	0.00150839576
4557	0.001508394927
4558	0.001508311274
4559	0.001508296804
4560	0.001508296624
4561	0.001508197838
4562	0.001508195402
4563	0.001508190246
4564	0.001508189163
4565	0.001507796211
4566	0.001507793727
4567	0.001507630329
4568	0.001507629453
4569	0.001507629006
4570	0.001507623406
4571	0.001507622165
4572	0.001507618512
4573	0.001507492047
4574	0.001507491846
4575	0.001507308039
4576	0.001507306208
4577	0.00150730455
4578	0.001507304102
4579	0.001507303609
4580	0.001507161885
4581	0.001506980071
4582	0.001505866573
4583	0.001505864681
4584	0.0015031371
4585	0.00150311965
4586	0.001502934217
4587	0.001502757743
4588	0.001502755665
4589	0.001502753484
4590	0.001502752843
4591	0.001502751769
4592	0.001502751375
4593	0.001502154181
4594	0.001502146415
4595	0.00150214546
4596	0.001502145383
4597	0.001502141624
4598	0.001501532886
4599	0.001501400756
4600	0.001501398733
4601	0.001501387459
4602	0.00150138724
4603	0.001501368901
4604	0.001501367857
4605	0.001501358853
4606	0.001501349637
4607	0.001501187379
4608	0.001501187098
4609	0.001501186554
4610	0.001500102453
4611	0.001500101501
4612	0.001500099345
4613	0.001498600299
4614	0.001498599174
4615	0.001498598999
4616	0.001498591016
4617	0.001498589886
4618	0.001498487847
4619	0.001498480205
4620	0.001496918988
4621	0.001496918475
4622	0.001496913605
4623	0.001496911667
4624	0.001496911196
4625	0.00149691031
4626	0.001496861099
4627	0.001496860436
4628	0.00149679281
4629	0.001496628313
4630	0.001496628046
4631	0.001496627822
4632	0.001496626732
4633	0.001496625748
4634	0.001496624587
4635	0.001496095526
4636	0.001495218933
4637	0.001491129242
4638	0.00149112698
4639	0.001491123965
4640	0.001491122507
4641	0.001490757666
4642	0.001490757488
4643	0.001490757135
4644	0.001490756716
4645	0.001490498849
4646	0.001489910863
4647	0.001489909598
4648	0.001489907079
4649	0.001489854616
4650	0.001488802184
4651	0.001488748081
4652	0.001488747871
4653	0.001488035287
4654	0.001488035056
4655	0.001488031973
4656	0.001488029857
4657	0.001488028804
4658	0.001487778172
4659	0.001487778155
4660	0.001487777168
4661	0.001487740153
4662	0.001487739936
4663	0.001487621567
4664	0.001487231912
4665	0.001487231905
4666	0.001487231658
4667	0.001487231411
4668	0.001485876432
4669	0.001485781716
4670	0.001485067988
4671	0.001485066942
4672	0.001484768149
4673	0.001484767573
4674	0.001484767243
4675	0.001484766785
4676	0.001484766214
4677	0.001484766143
4678	0.00148469819
4679	0.001484697187
4680	0.001484352961
4681	0.001484351339
4682	0.001484348808
4683	0.001484307278
4684	0.001484146603
4685	0.001483057961
4686	0.001483057416
4687	0.001483055627
4688	0.001483055091
4689	0.001483054213
4690	0.001483053893
4691	0.001483051414
4692	0.00148299516
4693	0.001482994875
4694	0.001482958118
4695	0.001482955982
4696	0.0014829412
4697	0.001482941112
4698	0.001482939329
4699	0.001480833499
4700	0.001480667551
4701	0.001480667316
4702	0.001480666745
4703	0.001480594695
4704	0.001480593925
4705	0.001480276226
4706	0.001479126912
4707	0.001479125577
4708	0.001478337188
4709	0.001478221822
4710	0.001475333684
4711	0.001475214763
4712	0.001474018366
4713	0.001473285625
4714	0.001473282893
4715	0.001473282831
4716	0.001472764207
4717	0.001472740891
4718	0.001472740041
4719	0.001471499592
4720	0.00147149952
4721	0.001471393401
4722	0.001471393363
4723	0.001471392257
4724	0.001471317161
4725	0.001471316558
4726	0.001471314257
4727	0.001471314196
4728	0.00147131417
4729	0.001471307946
4730	0.001471180958
4731	0.001467133259
4732	0.001467132591
4733	0.001467131723
4734	0.001466685129
4735	0.001466684944
4736	0.001466601998
4737	0.0014657356
4738	0.001464956004
4739	0.001464730464
4740	0.001464720847
4741	0.001464715544
4742	0.001464655336
4743	0.001464502565
4744	0.001464468331
4745	0.001464460543
4746	0.001464455388
4747	0.001464454118
4748	0.001464427987
4749	0.001464424405
4750	0.001462995877
4751	0.001462994895
4752	0.001462755238
4753	0.001462750275
4754	0.001460540372
4755	0.001460533061
4756	0.001460531279
4757	0.001460528454
4758	0.001460381533
4759	0.001460381335
4760	0.001460379896
4761	0.001460136781
4762	0.001460134824
4763	0.001460130957
4764	0.001460130074
4765	0.001460120111
4766	0.001460102072
4767	0.001460101213
4768	0.001460061486
4769	0.001459941969
4770	0.001459930168
4771	0.00145987276
4772	0.001459831604
4773	0.001459831208
4774	0.001459830774
4775	0.001459683456
4776	0.001459492335
4777	0.001457844206
4778	0.001457808929
4779	0.001456386596
4780	0.001456367086
4781	0.001456365703
4782	0.001453278827
4783	0.001453224504
4784	0.001453218334
4785	0.001453203135
4786	0.001453185348
4787	0.001453173615
4788	0.00145317189
4789	0.001453155261
4790	0.001453144682
4791	0.001452800286
4792	0.001452799416
4793	0.001452663828
4794	0.00145266205
4795	0.001452656933
4796	0.001452531451
4797	0.001452528977
4798	0.001452528519
4799	0.001452521711
4800	0.00145252009
4801	0.001452241281
4802	0.00145223792
4803	0.001451727668
4804	0.001451296627
4805	0.001451294758
4806	0.001450206286
4807	0.001450205731
4808	0.001450196681
4809	0.001447714044
4810	0.001447703269
4811	0.001447241906
4812	0.001447241616
4813	0.001447165873
4814	0.001447164661
4815	0.001447130549
4816	0.001447130302
4817	0.001447129254
4818	0.001446998864
